cliente_id,tempo_relacionamento_meses,frequencia_compra_mensal,ticket_medio,dias_desde_ultima_compra,num_categorias_compradas,desconto_medio_solicitado_pct,reclamacoes_ultimo_ano,canal_preferido,categoria_principal,total_gasto,churn
675,58,3.2,905.6,215,1,8.4,1,WhatsApp,Linha B,16272.13,1
1700,5,0.4,1272.12,101,2,2.8,0,Presencial,Linha B,204.76,0
1283,3,2.3,1126.89,160,1,12.9,0,App,Linha B,785.66,0
1316,68,1.5,1557.0,149,5,11.1,0,App,Linha E,16027.42,1
1211,75,1.0,585.91,48,2,4.5,0,Presencial,Linha D,4276.35,0
1637,92,10.0,1090.2,3,1,2.5,1,WhatsApp,Linha C,104682.94,0
614,18,2.4,902.87,56,2,2.6,0,WhatsApp,Linha D,3882.49,0
448,55,1.6,2406.22,46,2,2.8,0,WhatsApp,Linha B,12511.88,0
1132,29,0.9,516.55,22,5,5.8,0,WhatsApp,Linha B,844.43,0
809,85,5.2,114.74,164,4,6.3,1,WhatsApp,Linha B,3116.6,1
1497,86,1.9,1283.55,129,3,10.4,0,Presencial,Linha D,17236.07,0
1469,80,1.9,754.24,35,5,2.0,0,WhatsApp,Linha B,9066.77,1
1683,80,6.3,310.3,62,1,4.2,0,App,Linha C,16771.78,0
1150,11,1.8,2198.3,157,5,3.4,1,App,Linha A,2831.34,1
443,17,3.6,890.28,16,1,1.4,1,App,Linha C,5531.29,1
1814,34,3.7,1078.02,71,4,7.0,1,Presencial,Linha E,10006.24,1
655,45,3.4,1530.95,237,2,3.4,0,Presencial,Linha E,22904.91,1
1265,16,2.0,1187.44,17,1,2.1,0,WhatsApp,Linha A,3348.51,0
859,25,0.2,1638.91,234,1,1.3,0,App,Linha A,770.75,0
1483,12,1.7,1004.22,18,3,13.5,0,App,Linha B,1579.74,0
232,56,3.3,1283.68,112,5,2.5,1,Telefone,Linha A,24237.31,0
1822,15,1.7,1474.79,45,2,8.5,0,App,Linha B,3495.33,0
1927,76,0.9,790.76,52,5,6.8,0,App,Linha B,5290.46,0
882,46,4.8,854.84,231,2,1.6,0,App,Linha E,19787.4,0
632,38,1.0,1228.15,198,3,8.8,0,App,Linha B,3494.31,0
376,66,2.6,285.81,219,3,1.7,0,WhatsApp,Linha E,3320.64,1
1961,53,3.2,1294.76,146,3,15.2,0,App,Linha C,16260.65,0
368,58,0.8,967.73,128,3,7.5,0,WhatsApp,Linha A,3445.56,1
559,49,2.3,779.09,15,3,9.3,1,WhatsApp,Linha B,5877.39,0
276,1,2.8,993.78,113,2,3.8,0,Telefone,Linha A,289.35,1
1978,61,0.5,1503.36,155,1,2.6,0,App,Linha E,2976.28,1
875,22,5.5,1297.67,148,4,5.3,0,App,Linha B,10804.92,0
1679,33,0.7,661.83,34,3,3.0,0,App,Linha B,1338.25,0
731,13,2.3,2039.92,8,3,11.6,0,Telefone,Linha B,4949.88,0
574,84,0.6,864.91,135,4,1.2,1,Telefone,Linha C,3902.5,0
719,92,1.3,405.52,35,5,8.9,1,Telefone,Linha B,5203.7,0
578,59,3.4,494.15,14,5,2.4,1,WhatsApp,Linha E,6136.29,0
57,53,3.3,925.66,194,2,9.8,1,WhatsApp,Linha D,12149.12,0
869,21,5.0,1493.45,67,2,9.6,1,WhatsApp,Linha D,15043.26,0
1729,70,0.6,833.05,134,1,3.4,0,App,Linha D,2097.33,0
187,27,4.2,1072.31,47,1,1.7,1,WhatsApp,Linha B,7289.44,0
283,19,5.9,2408.41,2,1,9.3,1,WhatsApp,Linha D,20004.9,0
1139,45,8.6,832.59,43,5,10.7,0,Presencial,Linha E,28476.67,0
1045,69,2.2,2483.15,57,3,9.5,2,WhatsApp,Linha B,24947.21,0
1069,37,1.2,1821.31,13,4,12.9,0,Telefone,Linha E,6789.19,0
1625,17,1.3,809.33,193,5,7.0,1,Presencial,Linha E,1735.73,0
676,44,1.2,1285.12,180,1,1.3,0,Presencial,Linha B,6206.71,1
1702,58,5.5,1561.18,142,1,2.6,2,App,Linha A,43806.8,1
1887,41,3.0,918.11,127,1,6.1,0,WhatsApp,Linha E,8988.9,0
1825,72,0.3,2550.33,162,1,5.4,2,Telefone,Linha A,5320.47,1
1762,36,5.4,360.1,138,5,7.4,0,Presencial,Linha C,5700.4,0
1419,11,2.3,1813.08,192,1,0.7,0,Telefone,Linha B,2697.82,1
588,78,4.5,2108.84,192,1,5.4,1,WhatsApp,Linha B,46219.75,0
193,27,3.0,817.23,200,4,12.3,0,Telefone,Linha D,4433.9,0
694,15,5.2,535.11,188,4,1.0,1,Telefone,Linha A,2712.43,0
765,69,2.5,492.02,92,1,7.5,0,Presencial,Linha B,6475.51,0
672,33,0.0,694.96,79,1,1.6,0,WhatsApp,Linha E,0.0,0
900,36,1.9,1332.86,130,4,5.1,1,Presencial,Linha D,9142.34,1
1689,41,2.2,366.74,89,5,2.3,0,Telefone,Linha C,3263.11,0
1072,78,2.7,1114.58,57,3,1.8,0,WhatsApp,Linha E,18263.39,0
305,80,1.3,685.66,62,2,7.3,0,Telefone,Linha E,6609.33,0
121,5,3.6,752.85,50,3,5.2,0,WhatsApp,Linha C,1091.59,0
1101,7,3.7,461.29,75,5,8.8,1,App,Linha E,1093.15,0
1257,62,2.3,1305.69,17,3,2.7,0,App,Linha D,16680.3,0
1416,26,0.9,268.71,100,2,9.4,0,App,Linha C,443.04,1
873,42,1.8,676.51,153,5,9.5,0,App,Linha D,5405.95,1
1271,47,1.0,410.05,6,2,11.3,0,Presencial,Linha D,1981.11,0
536,35,0.4,1345.02,169,4,2.8,0,WhatsApp,Linha B,1864.68,0
730,29,1.3,952.22,195,2,5.2,0,Presencial,Linha C,2380.87,1
1403,17,0.4,1070.42,205,2,4.6,0,App,Linha A,580.31,0
1812,38,0.9,886.38,67,3,11.7,0,WhatsApp,Linha A,1887.67,0
1619,20,2.3,264.99,154,2,7.1,0,Telefone,Linha B,994.91,1
1843,24,10.1,533.79,173,4,7.4,0,WhatsApp,Linha E,9632.8,0
1911,38,0.8,291.45,47,2,2.2,1,App,Linha D,944.6,1
1441,73,1.4,663.4,146,5,5.4,1,App,Linha A,5186.76,1
1028,13,3.7,1333.04,195,2,4.9,0,WhatsApp,Linha C,6921.82,1
1370,22,0.9,1948.64,156,5,10.7,0,Telefone,Linha A,3204.46,0
1136,47,4.1,1167.93,149,4,2.7,1,WhatsApp,Linha A,22976.2,0
1438,26,5.1,512.31,27,3,13.6,0,App,Linha D,6848.74,0
775,83,2.6,358.14,92,3,2.3,2,App,Linha B,7706.07,0
326,38,3.2,63.83,56,2,9.1,0,Telefone,Linha B,715.23,0
656,13,0.7,599.36,158,5,1.2,0,App,Linha E,452.38,1
103,29,4.2,1137.84,201,3,2.9,0,Presencial,Linha B,14530.06,0
127,12,3.3,1532.74,95,5,11.0,0,Presencial,Linha A,4716.16,0
1054,35,2.3,699.01,156,3,4.6,0,App,Linha B,4574.39,0
1228,70,0.2,977.01,205,4,7.0,0,Presencial,Linha C,1473.62,0
928,74,2.5,1111.69,166,1,8.2,0,App,Linha E,19240.57,0
49,39,3.4,482.25,137,4,12.4,0,App,Linha D,4789.02,0
112,8,2.7,465.69,58,2,8.3,3,Telefone,Linha D,848.46,0
237,70,1.3,813.24,176,3,1.7,1,App,Linha B,7367.91,1
373,47,2.6,755.97,165,4,9.8,0,App,Linha D,5586.12,0
995,75,3.7,1543.53,164,3,3.9,1,Presencial,Linha E,33720.19,1
286,3,1.0,820.48,14,1,4.0,1,Presencial,Linha C,176.62,0
1972,56,5.1,619.38,107,2,2.7,1,WhatsApp,Linha D,17494.16,0
1713,2,0.8,715.8,116,3,2.9,0,Presencial,Linha E,117.89,0
561,82,0.7,1579.71,72,1,2.7,0,Telefone,Linha E,7844.34,0
1298,57,0.5,1439.82,11,5,1.4,0,WhatsApp,Linha E,4359.87,0
1465,55,3.0,374.94,78,1,10.0,0,WhatsApp,Linha E,6052.29,1
878,1,3.4,1184.59,86,5,9.5,0,App,Linha B,396.82,1
88,15,1.0,1616.72,209,1,0.7,0,WhatsApp,Linha D,2228.24,1
1686,59,0.4,1131.93,131,5,2.6,0,WhatsApp,Linha D,1939.28,0
109,9,0.4,961.47,30,3,5.6,0,Presencial,Linha A,308.65,1
987,79,4.9,1981.33,83,4,5.5,2,Telefone,Linha D,51046.04,0
48,73,2.3,1460.56,137,4,11.3,1,WhatsApp,Linha D,23990.37,0
699,16,3.8,998.25,172,3,6.6,0,Presencial,Linha B,5236.75,0
1955,45,1.4,1840.77,113,1,6.7,0,WhatsApp,Linha E,8714.87,1
1808,69,1.2,626.5,166,5,8.1,0,App,Linha D,4780.83,0
1343,2,1.1,597.1,59,1,4.0,0,WhatsApp,Linha C,106.31,1
701,57,1.4,508.48,82,4,7.2,0,Telefone,Linha B,4276.03,0
1147,27,3.6,1533.26,197,2,7.9,0,App,Linha E,13279.74,0
556,73,1.2,621.34,142,2,1.6,1,Telefone,Linha A,3627.95,0
479,69,1.9,628.59,62,5,7.9,0,WhatsApp,Linha E,8888.05,0
1481,82,3.2,313.42,162,3,3.9,0,Presencial,Linha B,7922.27,1
1987,85,0.9,579.61,134,3,9.8,0,App,Linha A,2921.23,0
487,90,3.2,869.33,218,2,5.4,0,App,Linha A,17991.68,0
858,56,1.2,1891.54,81,4,2.9,0,App,Linha D,12823.17,1
702,75,2.5,1695.81,10,3,4.3,1,WhatsApp,Linha E,26676.28,0
1087,23,1.7,247.53,21,4,3.5,2,WhatsApp,Linha D,885.06,0
1596,25,2.7,914.7,125,2,2.7,1,App,Linha C,6078.09,0
1088,63,2.1,559.51,107,2,14.0,0,Presencial,Linha A,5805.77,1
1059,60,1.7,1418.89,80,4,3.2,0,WhatsApp,Linha A,11026.37,0
1232,29,4.9,1598.78,86,1,2.5,0,Telefone,Linha B,24210.64,0
1648,5,4.1,863.99,119,1,4.0,0,WhatsApp,Linha D,1091.68,0
1220,43,3.0,1621.6,203,4,7.8,0,Presencial,Linha C,21441.05,0
828,30,1.9,1073.62,40,4,3.9,1,WhatsApp,Linha D,5705.38,0
1315,16,4.1,502.37,117,3,8.0,0,App,Linha D,2849.14,0
1248,49,5.6,1789.21,20,2,0.7,1,App,Linha B,43415.14,0
1229,88,1.4,169.29,5,3,3.2,1,Telefone,Linha D,2115.48,0
1945,41,4.6,1327.42,36,1,2.9,2,App,Linha E,25477.56,0
951,6,0.5,2401.25,96,1,6.0,0,App,Linha E,447.14,0
1238,49,5.2,1704.37,91,4,3.2,0,Telefone,Linha D,28710.47,0
746,18,6.2,467.89,42,3,4.1,0,App,Linha E,3914.86,0
762,6,2.0,1008.55,235,4,4.2,0,WhatsApp,Linha A,1303.04,1
407,66,0.9,597.32,53,4,5.4,1,WhatsApp,Linha B,2207.78,1
693,14,1.8,1999.03,142,5,2.0,2,Telefone,Linha E,3904.18,0
1066,30,3.5,1520.08,140,2,8.7,1,App,Linha A,10668.39,0
1931,92,2.1,1186.69,156,1,9.5,0,App,Linha D,17310.92,1
349,46,2.7,1007.3,155,1,10.4,0,WhatsApp,Linha C,9929.12,0
1787,32,3.3,570.95,129,4,8.0,0,App,Linha D,4702.73,0
170,66,0.5,968.83,210,4,3.7,0,App,Linha E,2730.63,0
888,27,4.3,1500.32,13,2,6.6,0,App,Linha E,12928.76,0
481,94,0.5,947.86,103,1,7.2,0,Telefone,Linha C,4476.31,0
1611,6,3.4,943.4,5,2,3.9,1,WhatsApp,Linha B,1226.53,0
1335,60,1.8,486.12,136,4,2.4,0,WhatsApp,Linha D,4943.21,0
513,24,3.0,3416.29,203,3,2.4,1,WhatsApp,Linha E,25414.59,0
1422,36,3.7,79.0,89,3,6.8,0,WhatsApp,Linha B,693.95,0
1167,76,1.9,932.66,81,3,11.3,0,App,Linha B,11916.28,0
1947,14,2.2,1076.29,152,4,9.8,1,Telefone,Linha D,2025.87,1
1074,62,1.3,491.81,144,2,6.1,0,WhatsApp,Linha E,3861.31,0
1692,89,0.2,216.27,221,3,4.5,0,WhatsApp,Linha B,368.45,0
511,91,7.3,1411.21,214,5,4.0,0,WhatsApp,Linha E,62418.47,1
390,25,1.6,1372.38,112,4,4.2,0,Presencial,Linha D,4477.05,0
1658,18,3.2,357.91,124,4,7.2,0,WhatsApp,Linha B,1325.68,0
1029,40,2.0,1170.59,15,4,4.0,0,WhatsApp,Linha A,6504.23,0
182,75,1.7,483.26,182,4,11.6,0,App,Linha A,3620.21,0
1541,34,3.0,2925.38,117,3,2.2,1,WhatsApp,Linha E,17734.15,0
1244,86,2.0,1758.1,16,1,5.4,0,App,Linha C,32351.86,0
1863,72,4.2,486.62,129,4,3.9,2,Telefone,Linha E,9830.3,0
613,75,3.6,175.59,78,1,6.9,1,WhatsApp,Linha B,4165.48,1
1429,69,3.9,468.47,149,3,2.5,0,App,Linha C,11955.3,0
1110,27,1.5,755.98,2,1,2.4,0,Telefone,Linha C,1900.22,0
1552,62,2.1,652.79,140,5,4.7,1,App,Linha E,6589.3,1
1168,68,1.4,809.39,213,3,1.7,1,Presencial,Linha C,5285.48,0
624,42,2.3,1353.36,10,4,7.7,0,Presencial,Linha A,13827.9,0
138,35,1.6,443.19,91,2,1.8,1,Telefone,Linha C,2620.03,1
1568,68,0.7,675.54,18,1,8.3,0,Telefone,Linha C,2667.1,0
162,29,2.4,1051.61,15,4,1.0,0,App,Linha A,6081.98,0
310,33,0.1,2538.75,103,5,7.0,1,App,Linha B,855.97,0
1263,93,1.1,411.49,223,5,4.6,0,WhatsApp,Linha D,3459.87,0
749,85,3.4,928.09,9,1,5.7,0,App,Linha E,22830.11,0
698,3,1.4,2738.17,115,2,2.6,0,App,Linha E,842.81,0
1444,1,0.7,1736.57,52,2,1.8,0,WhatsApp,Linha C,80.47,0
178,44,1.4,969.61,2,5,3.1,1,Presencial,Linha C,6396.24,0
1562,94,2.8,581.61,44,1,3.8,1,Presencial,Linha C,16196.73,0
271,7,4.8,374.4,112,4,3.0,0,WhatsApp,Linha B,809.1,0
526,40,0.5,776.15,51,4,6.3,0,WhatsApp,Linha C,1681.53,0
988,6,5.8,1883.17,194,3,8.4,1,App,Linha A,6237.81,1
847,43,1.9,904.97,72,3,3.7,1,Telefone,Linha E,5325.03,0
564,62,1.4,648.03,129,4,6.2,0,WhatsApp,Linha C,3681.54,1
1266,40,1.0,710.31,189,5,1.5,0,Telefone,Linha E,2606.18,1
994,79,2.3,755.02,34,3,8.1,1,Telefone,Linha C,14276.35,1
1603,93,5.0,1943.61,18,5,11.1,0,Telefone,Linha D,76559.14,0
662,61,5.1,848.98,236,2,1.1,0,WhatsApp,Linha A,24300.61,0
1991,24,1.2,694.84,229,2,2.9,1,App,Linha B,1669.44,1
1016,11,1.0,834.21,226,2,2.1,0,WhatsApp,Linha C,939.42,1
1633,14,3.8,874.62,99,4,1.9,1,App,Linha A,3742.7,0
1292,32,0.8,1904.26,195,5,4.1,0,App,Linha C,2965.77,1
1407,62,1.9,1269.55,113,1,11.5,0,Telefone,Linha C,10774.1,0
195,62,2.5,1519.5,144,3,8.3,0,App,Linha E,16644.14,0
626,50,0.6,784.14,85,1,3.9,0,WhatsApp,Linha A,1962.29,0
383,43,2.7,197.99,221,3,10.4,0,WhatsApp,Linha B,2123.99,1
1519,45,5.1,852.88,219,3,6.1,2,App,Linha A,16223.07,0
1216,91,1.6,656.17,220,3,3.8,1,App,Linha D,7079.96,1
1548,46,1.7,1164.6,42,2,6.3,0,Telefone,Linha D,7301.86,0
259,39,3.1,501.39,167,3,11.9,0,App,Linha C,4503.56,0
76,54,0.7,1259.15,161,3,5.9,0,WhatsApp,Linha D,3075.54,1
191,70,2.0,529.7,221,2,10.4,1,Presencial,Linha A,6458.02,1
322,59,2.5,684.31,114,3,7.0,1,App,Linha B,8117.83,0
973,55,1.6,1364.33,15,1,6.9,0,Presencial,Linha B,12726.59,1
927,28,4.5,762.4,219,1,9.7,0,Telefone,Linha E,6379.25,1
542,26,2.5,1247.75,19,2,12.6,1,WhatsApp,Linha B,8404.51,0
1133,8,1.5,742.74,31,2,2.8,1,WhatsApp,Linha A,687.34,0
1583,59,2.8,257.69,53,1,7.7,0,App,Linha A,4251.03,0
1245,92,2.8,388.17,54,4,10.9,0,WhatsApp,Linha D,7289.35,0
1948,75,0.5,352.84,168,2,4.9,0,App,Linha D,1111.82,0
861,67,1.0,1466.85,127,5,4.0,0,App,Linha C,5828.5,1
1477,80,2.3,135.88,156,1,3.0,1,Telefone,Linha B,2453.03,1
1786,75,1.1,1678.52,21,3,10.8,1,WhatsApp,Linha C,8601.25,0
1268,18,5.6,1506.9,122,1,8.4,1,WhatsApp,Linha C,16091.91,0
841,69,1.4,1803.5,9,5,7.0,2,App,Linha A,14197.39,1
1635,56,2.5,702.05,12,4,12.1,0,App,Linha A,9354.44,0
1866,77,0.4,2899.64,153,2,8.9,1,Telefone,Linha A,5958.27,0
293,72,0.8,513.01,55,1,5.6,0,WhatsApp,Linha E,2286.12,1
661,72,0.7,171.53,176,5,7.4,0,WhatsApp,Linha D,638.41,0
825,38,2.2,320.35,61,3,2.9,0,Telefone,Linha E,2429.2,0
302,66,1.5,1204.85,1,5,5.5,1,WhatsApp,Linha D,10305.49,0
926,89,3.3,357.66,236,1,3.2,1,Presencial,Linha E,8532.6,0
454,12,1.7,419.82,9,1,10.2,1,App,Linha A,513.12,1
1779,4,4.0,1193.49,125,3,7.6,0,Telefone,Linha D,1356.09,0
944,86,3.2,614.24,79,2,7.4,0,Telefone,Linha C,17291.14,0
1448,42,2.6,964.44,91,5,13.8,1,App,Linha A,11128.41,1
1529,4,3.3,616.14,239,1,6.7,0,App,Linha A,849.97,0
1337,2,3.9,121.44,30,5,0.4,0,Telefone,Linha C,93.11,0
120,33,0.6,564.61,77,4,6.2,0,Telefone,Linha A,783.47,1
1899,74,0.9,621.69,95,2,13.6,0,Presencial,Linha B,2836.32,0
38,62,2.7,465.13,148,5,5.5,1,Telefone,Linha A,8149.68,0
862,27,5.4,556.95,191,5,9.5,0,WhatsApp,Linha B,5694.26,0
1042,94,3.9,236.51,152,4,3.9,0,App,Linha D,5443.03,0
242,59,1.3,984.96,23,2,3.0,0,App,Linha E,5718.03,0
1555,56,0.9,1269.55,142,5,1.9,0,WhatsApp,Linha B,6779.33,0
1377,75,1.5,1126.0,46,3,7.5,0,Presencial,Linha B,7429.44,0
1247,61,1.7,622.52,140,4,2.2,1,Telefone,Linha E,4089.57,0
1788,2,0.7,1555.49,107,5,4.6,0,Telefone,Linha D,137.29,0
953,26,3.6,1005.55,5,4,6.6,0,Telefone,Linha C,9993.82,1
224,44,1.0,1180.12,218,1,6.3,2,WhatsApp,Linha A,4092.96,1
1052,34,1.8,526.7,203,3,8.0,0,Telefone,Linha A,2873.54,1
780,1,1.4,1394.95,42,2,6.2,2,WhatsApp,Linha E,134.41,0
1457,19,2.7,598.55,105,3,6.3,0,App,Linha B,3315.88,1
1272,66,1.4,733.83,156,2,5.1,0,App,Linha B,4123.69,1
1502,9,4.7,554.15,9,1,0.9,0,WhatsApp,Linha B,1761.27,0
1547,39,1.4,953.77,138,5,7.8,2,App,Linha D,3095.67,0
615,76,3.8,204.18,80,3,1.0,0,Telefone,Linha C,5374.84,0
508,2,2.0,941.54,163,2,3.2,1,Presencial,Linha E,332.15,0
1806,19,1.9,1581.0,2,2,11.7,0,WhatsApp,Linha D,3373.4,0
9,75,0.5,507.33,201,1,5.2,1,Presencial,Linha B,1789.87,1
298,25,3.5,782.48,218,5,11.0,0,App,Linha D,4611.37,0
1018,3,0.4,661.65,156,4,5.3,0,App,Linha B,62.15,1
923,38,1.7,653.66,30,1,2.3,1,WhatsApp,Linha D,4224.98,1
1905,30,4.8,542.78,42,1,2.9,0,WhatsApp,Linha A,7914.65,0
1640,67,1.1,431.52,10,3,11.1,0,App,Linha B,2309.08,0
387,42,7.1,334.04,44,5,4.6,0,Presencial,Linha D,9234.33,1
332,21,1.7,886.57,132,4,6.4,1,App,Linha D,2419.93,1
1284,32,0.2,951.95,10,5,4.6,0,Telefone,Linha B,595.29,0
1707,32,1.0,1917.84,14,3,15.0,0,Telefone,Linha A,4045.14,1
1514,17,4.1,2671.11,91,4,8.3,1,WhatsApp,Linha B,14372.47,0
1173,31,2.0,304.85,15,1,8.3,0,Telefone,Linha A,1417.66,0
1039,24,4.3,1477.85,206,4,3.2,0,App,Linha E,10286.64,0
1736,60,1.9,319.33,79,4,1.0,0,Presencial,Linha B,3707.66,0
738,25,2.1,1167.98,2,1,1.0,1,WhatsApp,Linha E,4346.23,1
203,88,1.6,1712.51,147,4,4.0,0,Telefone,Linha C,18340.08,1
1305,67,3.0,1319.36,62,5,8.0,0,Presencial,Linha E,17552.3,0
1647,25,2.7,482.29,29,4,1.6,0,WhatsApp,Linha D,3239.56,0
61,60,4.4,1712.19,98,1,1.8,0,App,Linha A,38394.22,0
1623,82,1.8,1028.33,78,3,2.9,0,App,Linha D,10133.89,0
1639,9,3.7,933.29,85,2,8.7,0,WhatsApp,Linha A,2219.69,0
1275,38,1.4,1124.14,186,1,6.3,0,Telefone,Linha E,5719.86,0
621,46,0.4,490.82,135,5,9.4,0,App,Linha C,569.31,1
1362,81,0.7,1185.01,172,5,3.8,1,App,Linha C,5756.03,1
1185,21,0.8,1181.76,144,5,9.4,1,App,Linha A,1910.32,0
1163,82,0.9,912.84,102,3,9.0,0,WhatsApp,Linha B,5148.13,0
369,67,1.7,1433.19,152,3,6.6,0,Presencial,Linha B,14627.45,0
1199,73,4.4,675.79,136,3,4.7,0,App,Linha C,13961.66,1
811,66,0.8,1175.57,122,1,6.4,0,App,Linha E,5662.83,0
1205,26,3.7,1308.47,86,5,5.2,0,WhatsApp,Linha B,12098.17,0
1009,47,3.7,1141.63,9,1,8.8,0,WhatsApp,Linha D,19937.32,0
889,73,0.5,552.68,47,3,2.2,1,App,Linha B,2012.9,0
99,26,3.7,256.36,101,2,9.1,0,Telefone,Linha D,2395.92,0
1669,45,6.7,820.54,63,2,4.0,0,Telefone,Linha E,25686.83,0
261,1,1.4,544.45,135,4,3.8,2,Presencial,Linha E,47.37,0
1001,5,0.6,407.58,219,5,2.9,0,WhatsApp,Linha B,98.08,1
159,23,1.8,686.0,216,2,5.3,1,App,Linha C,2914.54,0
1549,29,3.5,606.16,37,3,17.9,0,App,Linha E,6030.21,0
548,58,7.8,520.0,37,4,10.6,1,Presencial,Linha D,20452.02,0
1758,64,1.5,307.72,227,1,2.0,0,App,Linha E,2267.78,1
1404,26,0.5,922.59,64,4,7.2,0,App,Linha A,1096.73,1
1179,41,0.5,356.26,238,5,1.9,0,Presencial,Linha A,718.18,1
1900,40,6.8,1516.58,118,2,1.4,0,Telefone,Linha C,38239.66,0
397,45,2.2,1764.49,157,1,1.5,0,App,Linha A,14788.95,0
1160,90,0.7,388.98,96,4,5.5,0,WhatsApp,Linha D,2257.51,0
1007,20,2.2,2016.83,174,5,0.6,2,App,Linha C,6249.32,1
1380,85,4.0,1151.66,38,1,3.5,0,Telefone,Linha C,34699.86,1
83,74,1.3,1122.86,52,1,4.4,0,App,Linha C,9255.01,0
1594,62,2.3,694.19,87,2,5.0,1,Telefone,Linha D,10391.41,1
983,84,1.6,736.13,32,3,2.8,0,WhatsApp,Linha B,7744.43,0
1798,92,1.4,2132.88,174,4,3.5,0,App,Linha C,18585.73,1
105,45,1.1,772.66,13,3,3.3,1,Telefone,Linha B,3469.25,0
770,23,0.8,1408.35,212,3,7.1,1,App,Linha E,2031.42,1
597,85,1.0,1770.0,19,2,1.3,1,App,Linha E,11711.73,0
1339,47,2.1,818.03,8,2,4.5,0,App,Linha E,8128.49,0
433,6,0.7,583.04,37,3,2.2,1,Telefone,Linha C,176.15,1
404,87,1.3,803.9,125,5,16.1,0,WhatsApp,Linha D,8618.89,1
1612,5,4.4,504.14,231,4,4.6,1,Telefone,Linha E,1032.86,0
1883,11,4.6,1175.04,137,3,4.2,1,WhatsApp,Linha A,4186.96,1
1751,10,1.2,1402.03,15,2,5.3,0,Presencial,Linha A,1115.3,0
960,53,1.0,600.04,151,1,6.5,0,Presencial,Linha C,2239.55,0
1476,87,1.0,1891.29,145,1,9.4,1,WhatsApp,Linha D,11501.62,1
1523,40,2.4,1175.86,200,2,2.7,1,App,Linha E,7104.99,1
917,59,2.3,2050.24,12,2,4.5,0,App,Linha D,25137.61,0
1731,30,2.8,851.09,203,1,4.7,1,Presencial,Linha D,7706.96,0
1212,38,1.5,1020.54,132,2,3.1,0,WhatsApp,Linha B,6096.75,0
1872,64,3.1,231.48,26,2,10.8,1,WhatsApp,Linha C,3297.78,0
134,37,1.7,428.4,157,5,1.0,0,WhatsApp,Linha D,2729.91,0
228,32,1.9,1034.27,10,4,5.5,0,App,Linha B,4346.43,0
1638,29,2.8,418.04,79,4,6.6,0,App,Linha E,3305.27,0
1396,91,4.1,1239.12,213,3,4.0,0,WhatsApp,Linha D,28546.33,0
92,62,9.1,800.63,124,1,5.0,1,App,Linha E,44270.36,0
580,49,1.5,1287.39,50,1,4.7,2,WhatsApp,Linha B,6341.33,1
903,52,1.7,1084.05,79,4,2.6,0,WhatsApp,Linha E,7658.06,1
12,24,1.1,637.1,3,2,1.4,0,App,Linha C,1733.92,0
901,1,2.4,674.11,68,5,9.3,1,App,Linha E,140.87,1
1513,59,3.7,1610.13,179,4,11.0,1,WhatsApp,Linha A,30402.95,0
54,14,1.5,757.22,22,1,9.7,0,App,Linha E,1551.58,0
268,31,0.8,208.71,232,5,9.1,0,WhatsApp,Linha B,319.93,0
1682,19,0.5,1305.26,209,1,7.8,0,App,Linha A,1144.49,0
1940,6,2.1,1511.14,239,3,0.6,0,Presencial,Linha E,1485.13,0
1989,58,2.1,1123.66,160,4,12.5,0,Presencial,Linha A,10589.24,0
429,53,2.1,1115.8,59,4,6.3,0,App,Linha D,12308.67,0
1605,54,4.0,1232.03,198,1,5.7,1,App,Linha D,18028.62,1
108,71,3.2,251.51,220,4,4.2,0,App,Linha C,4081.67,0
835,56,2.6,906.06,69,3,8.9,0,Presencial,Linha E,12800.04,0
66,35,2.8,810.9,46,5,3.8,0,App,Linha B,6278.25,0
1826,60,0.8,460.57,50,4,1.6,0,Presencial,Linha A,2177.94,0
1302,59,0.3,1258.71,227,5,13.2,0,WhatsApp,Linha B,2049.54,0
537,87,0.7,869.7,59,1,5.7,0,Telefone,Linha A,4470.92,0
1471,83,3.4,1449.43,112,3,1.3,0,WhatsApp,Linha B,40523.24,0
168,86,1.2,2807.59,64,5,3.3,2,Telefone,Linha E,30826.77,0
958,70,1.8,745.45,164,3,3.7,2,App,Linha B,6953.88,1
367,54,2.8,1416.09,13,3,4.1,0,WhatsApp,Linha B,15494.41,0
599,23,6.6,1039.7,22,2,4.4,0,App,Linha A,12032.92,0
265,89,0.8,640.93,59,5,7.1,1,WhatsApp,Linha C,4023.71,0
352,24,3.0,1088.15,127,5,12.8,2,WhatsApp,Linha A,7480.74,1
422,52,2.5,891.45,81,3,2.0,0,App,Linha C,9325.74,0
1118,68,1.5,1163.68,70,1,8.0,0,App,Linha D,8656.15,0
1984,76,1.6,1429.82,30,2,4.2,0,App,Linha A,15139.28,0
1652,79,3.1,3042.26,196,4,2.9,0,Telefone,Linha A,65109.89,0
269,94,2.7,567.39,86,4,3.3,1,Telefone,Linha C,12379.15,1
794,34,1.8,271.56,224,1,10.9,0,WhatsApp,Linha C,1063.58,0
4,72,5.8,1741.18,166,4,1.7,1,App,Linha B,73112.22,0
1382,41,0.8,1175.18,104,2,1.0,3,App,Linha A,4142.45,0
1348,5,1.2,263.48,55,2,4.5,1,App,Linha A,127.4,0
307,41,1.0,1364.67,62,1,7.3,1,App,Linha C,4067.75,0
415,63,1.7,836.29,104,3,4.4,0,App,Linha D,7575.58,0
1951,87,1.4,550.61,109,3,1.9,0,App,Linha B,4732.42,0
645,19,0.6,948.6,172,2,5.6,1,App,Linha E,643.29,1
18,30,1.9,634.71,237,4,8.0,0,App,Linha A,2642.7,1
249,36,0.6,933.03,84,4,4.8,1,App,Linha E,1354.07,0
573,62,2.4,1548.76,7,3,6.1,1,App,Linha E,19398.08,0
932,86,3.4,1910.17,63,5,4.0,0,Presencial,Linha D,40728.61,0
758,33,0.5,614.36,50,2,4.1,1,App,Linha A,1033.24,0
1875,38,2.2,436.87,120,5,3.8,0,App,Linha A,3770.86,1
282,9,5.9,295.34,106,5,1.4,0,Telefone,Linha C,1668.11,0
603,53,0.9,1751.01,204,1,11.5,0,Presencial,Linha B,6211.94,1
1190,57,0.6,1673.05,147,3,1.9,1,App,Linha B,4658.17,1
1556,10,4.3,927.28,46,3,2.2,0,Presencial,Linha D,3407.51,0
1740,93,2.3,670.08,116,3,3.1,1,Presencial,Linha C,8663.15,1
300,18,1.7,1343.85,178,3,5.9,0,App,Linha B,3368.94,1
1116,55,4.2,1169.96,10,5,6.2,1,WhatsApp,Linha D,24959.99,0
1618,9,1.2,1796.71,190,1,0.7,1,WhatsApp,Linha E,1707.6,0
703,12,1.4,1291.74,199,2,4.0,1,Presencial,Linha B,1405.84,0
303,54,2.7,2252.27,17,1,3.2,2,Telefone,Linha C,34705.62,1
1005,19,1.0,1105.56,141,5,6.1,0,App,Linha A,2023.77,1
1628,32,5.3,908.16,24,5,4.5,1,App,Linha C,16618.28,0
342,64,2.1,465.12,74,2,0.9,0,Telefone,Linha C,4665.46,0
586,71,3.5,1881.42,232,4,11.2,0,WhatsApp,Linha C,27874.78,0
1976,74,0.9,181.85,13,3,10.1,0,App,Linha C,862.47,1
260,82,1.4,1133.55,40,4,2.7,2,App,Linha A,10780.58,0
1664,28,0.9,838.22,113,5,11.1,1,Presencial,Linha E,1276.16,1
1231,49,1.9,534.73,1,3,2.0,0,App,Linha B,4683.54,0
1840,64,1.4,865.65,20,4,2.7,1,WhatsApp,Linha A,4598.11,1
416,62,3.5,1050.24,192,5,7.4,0,App,Linha D,21097.35,0
141,78,1.1,920.6,37,3,5.2,2,Presencial,Linha E,8445.21,1
166,71,0.4,465.24,214,5,11.3,0,WhatsApp,Linha E,1259.43,1
528,43,2.2,1115.2,20,3,6.2,0,App,Linha A,9730.69,0
1730,83,2.3,2206.34,176,2,1.4,1,WhatsApp,Linha A,36081.19,0
50,18,3.6,1291.89,191,5,7.2,2,App,Linha D,6810.54,0
1082,39,1.8,295.36,204,1,7.4,0,Presencial,Linha D,1389.93,0
1986,94,2.5,2225.96,99,4,4.7,0,App,Linha B,54847.55,0
535,2,1.8,219.08,196,3,6.8,0,WhatsApp,Linha A,75.95,1
1853,17,1.6,1484.82,216,1,4.9,1,Telefone,Linha C,4008.33,0
1943,26,1.3,653.69,142,4,4.7,0,Telefone,Linha C,1481.9,0
822,51,6.0,909.7,21,1,3.2,0,Telefone,Linha B,25195.75,0
727,84,3.3,1426.06,189,5,6.3,2,Telefone,Linha B,35663.66,0
642,36,1.3,762.19,148,5,18.8,0,WhatsApp,Linha A,2828.16,1
1957,55,6.6,1095.37,116,1,4.3,0,App,Linha D,26231.95,0
1442,40,1.0,1288.13,35,2,7.4,1,WhatsApp,Linha A,5580.34,0
401,16,1.1,1250.6,30,4,4.7,0,WhatsApp,Linha A,2316.6,0
764,81,2.6,1175.91,31,1,1.7,0,WhatsApp,Linha A,25699.03,0
386,93,2.9,477.04,198,2,4.0,1,App,Linha E,8566.61,0
1668,40,0.0,506.62,79,3,4.5,1,App,Linha E,0.0,0
1821,18,2.8,1217.57,215,3,5.1,1,App,Linha A,4033.39,1
1,52,9.3,1302.1,119,2,6.7,2,App,Linha C,44670.15,0
817,50,0.9,809.43,78,2,2.5,0,Presencial,Linha E,2401.83,0
791,72,1.8,816.38,75,1,3.4,0,App,Linha B,10927.61,1
362,33,0.6,1266.14,43,5,7.3,1,Telefone,Linha E,2297.73,1
593,69,1.0,1447.45,118,5,10.9,0,Presencial,Linha B,5897.58,0
1676,40,4.8,1390.57,219,2,6.2,0,App,Linha C,27885.81,0
116,81,0.4,403.0,234,2,2.2,0,WhatsApp,Linha A,839.52,0
1080,40,3.4,1455.77,149,3,3.8,1,App,Linha A,12037.05,1
547,68,2.7,753.85,3,3,3.5,0,App,Linha E,11902.73,0
337,61,7.0,832.81,78,1,0.8,0,App,Linha A,26670.08,0
1226,71,1.0,1890.09,84,1,7.3,0,App,Linha C,14121.23,0
1657,90,0.5,1907.66,60,2,4.0,0,App,Linha C,7754.6,0
202,32,2.6,2124.94,76,2,7.2,2,Telefone,Linha A,11581.62,0
907,86,3.7,834.65,135,1,4.4,0,Telefone,Linha C,22360.24,0
31,59,3.1,605.14,174,2,3.1,2,App,Linha C,9487.13,0
425,15,1.5,1355.78,121,3,14.6,0,WhatsApp,Linha A,1799.4,0
1584,37,2.0,473.0,204,2,4.3,1,WhatsApp,Linha A,3370.31,1
1632,68,1.5,1017.67,107,3,4.5,0,WhatsApp,Linha C,7270.95,1
1154,72,4.7,1241.59,176,4,7.0,0,App,Linha C,44238.92,1
1782,39,2.4,1311.41,146,3,8.1,1,Telefone,Linha C,11930.25,0
1755,82,2.9,382.24,56,2,9.2,0,Telefone,Linha A,7665.24,0
609,5,2.3,2672.57,210,5,0.8,0,App,Linha A,2280.11,1
1672,58,0.4,783.84,148,4,6.1,0,WhatsApp,Linha C,1086.19,0
970,94,1.1,812.61,230,5,6.7,0,App,Linha B,7699.48,1
294,36,0.2,650.39,156,5,11.5,0,Telefone,Linha C,356.81,0
306,61,0.8,844.2,48,5,9.1,1,App,Linha A,3259.92,0
654,67,1.0,1281.48,189,4,2.1,0,WhatsApp,Linha A,6914.72,0
1464,57,0.9,1004.62,17,5,11.5,0,WhatsApp,Linha A,5366.89,0
147,27,2.0,1747.96,28,5,2.1,1,WhatsApp,Linha E,8154.79,0
969,62,2.6,1367.07,92,2,11.1,0,Presencial,Linha E,17525.1,0
331,27,1.0,1158.97,228,4,3.2,0,Telefone,Linha B,2257.78,1
1918,61,3.1,542.63,211,3,9.2,1,App,Linha E,11092.75,1
620,7,4.3,508.06,209,3,1.3,0,App,Linha B,1612.43,0
725,73,1.7,1132.55,115,4,9.6,1,WhatsApp,Linha E,14694.64,0
419,58,0.1,1385.54,147,2,4.3,0,WhatsApp,Linha D,494.7,1
992,57,1.0,808.68,15,2,12.3,0,WhatsApp,Linha D,4323.89,0
1706,10,1.3,1497.82,28,2,1.0,1,WhatsApp,Linha B,1865.51,0
1973,59,3.7,457.56,123,3,10.8,0,App,Linha A,7380.98,0
1142,95,2.1,922.51,114,4,2.2,0,WhatsApp,Linha B,15756.35,1
354,46,0.8,1375.18,196,4,1.7,1,Telefone,Linha A,3583.47,1
1094,53,1.5,1680.0,186,1,12.4,0,WhatsApp,Linha C,10160.51,1
1280,8,0.7,798.36,29,5,9.4,0,Presencial,Linha B,352.84,0
1992,20,3.1,1197.61,190,4,8.0,1,WhatsApp,Linha D,5199.3,0
40,62,1.1,679.29,227,5,8.1,1,WhatsApp,Linha B,4427.99,1
1891,32,0.9,928.77,96,2,6.0,0,Presencial,Linha C,2248.93,1
1804,84,3.8,1713.54,171,2,13.1,0,Telefone,Linha A,36303.78,0
803,94,4.1,792.43,81,5,7.9,0,Presencial,Linha D,19322.31,0
1048,50,0.6,911.35,227,1,10.9,0,Telefone,Linha E,2344.67,1
81,44,2.3,1283.57,130,2,6.4,0,App,Linha A,8735.56,0
435,47,3.6,819.77,204,5,2.9,0,App,Linha B,9367.66,0
706,72,3.5,1115.29,142,5,6.0,1,App,Linha E,16586.71,0
1354,44,4.3,250.64,182,3,1.2,1,Telefone,Linha D,4715.28,1
102,41,1.9,836.54,185,5,3.6,0,WhatsApp,Linha A,5801.92,1
608,95,1.4,1967.59,220,2,4.0,0,Telefone,Linha C,24311.08,0
1084,32,0.7,1780.13,21,5,5.4,0,WhatsApp,Linha D,3037.98,0
1410,2,1.5,953.38,54,5,10.8,0,Telefone,Linha A,232.98,0
229,68,0.6,742.52,17,4,7.9,1,WhatsApp,Linha B,2444.77,0
680,61,1.2,1763.03,4,1,4.4,1,Telefone,Linha E,9965.88,0
829,51,3.4,2335.77,184,4,5.4,1,Telefone,Linha C,26263.49,0
1734,63,2.7,953.42,220,4,6.4,0,Presencial,Linha C,10967.74,0
802,94,1.4,2322.51,214,1,5.7,0,WhatsApp,Linha D,26577.4,0
1206,41,3.3,1240.68,55,3,2.4,1,WhatsApp,Linha D,13253.73,0
1699,7,0.9,1304.97,137,4,11.2,1,App,Linha D,826.86,1
1091,17,4.9,481.68,73,2,2.0,0,App,Linha C,2715.99,0
465,63,0.6,1454.23,202,4,4.9,1,WhatsApp,Linha B,3628.41,0
977,40,2.4,1029.93,53,4,4.1,0,Telefone,Linha A,7308.03,0
1391,85,2.1,606.51,52,3,1.8,1,Telefone,Linha D,8408.37,0
1916,49,6.1,838.94,199,5,10.5,0,App,Linha A,23322.47,1
1831,53,1.8,802.12,232,3,8.9,0,App,Linha C,7216.99,1
234,38,5.6,377.23,27,1,12.5,0,Telefone,Linha A,5941.07,0
985,75,8.8,379.28,196,5,5.8,0,Telefone,Linha C,25724.0,0
805,17,3.5,1050.07,171,3,1.9,0,Presencial,Linha E,6130.89,1
1324,82,2.9,757.97,239,3,2.3,0,Presencial,Linha B,16615.01,1
336,69,2.9,427.52,82,1,4.0,0,WhatsApp,Linha B,5802.83,1
1366,40,4.5,999.2,45,4,5.0,1,WhatsApp,Linha A,19476.55,0
1299,67,1.4,1415.33,214,3,3.2,0,Telefone,Linha B,8109.45,1
1630,89,1.4,1123.15,7,4,3.6,0,App,Linha D,14751.74,0
554,36,3.8,1827.05,239,5,5.1,0,App,Linha B,25075.07,0
1530,93,2.2,2583.07,235,5,7.8,0,WhatsApp,Linha D,55837.2,1
768,3,3.1,809.81,224,5,3.2,1,WhatsApp,Linha B,736.42,0
436,55,3.3,1613.31,99,3,4.4,1,Telefone,Linha D,17615.2,0
557,24,2.3,1627.22,134,3,6.7,0,App,Linha B,6701.68,1
971,95,2.1,501.07,125,1,7.5,2,Presencial,Linha B,10469.81,1
984,92,3.4,1787.67,21,3,7.8,0,App,Linha B,53951.91,1
1654,72,1.9,366.56,157,1,3.8,0,Telefone,Linha C,4515.11,1
284,48,1.4,2772.88,194,2,5.0,1,App,Linha E,14707.82,0
304,35,2.0,1859.39,199,1,0.8,0,WhatsApp,Linha B,12544.25,1
447,58,9.1,1241.68,170,1,4.9,1,App,Linha B,69576.02,0
623,40,3.2,1140.2,226,1,6.3,0,WhatsApp,Linha D,9619.73,0
967,75,4.2,578.74,71,1,3.0,1,Presencial,Linha C,13268.28,0
886,90,1.6,116.37,96,4,2.6,0,App,Linha A,1184.56,0
914,2,2.0,251.36,109,3,3.9,1,WhatsApp,Linha B,92.75,0
41,51,2.9,533.51,95,2,7.7,1,Presencial,Linha E,8027.08,0
1010,1,5.5,1145.8,237,2,4.2,0,Telefone,Linha D,446.2,1
59,84,1.5,1061.4,142,4,11.9,0,Telefone,Linha E,13407.92,1
538,81,3.2,786.63,45,3,3.7,0,WhatsApp,Linha D,21172.55,0
1451,35,1.3,1821.43,66,5,2.5,2,WhatsApp,Linha E,5415.57,0
1920,6,2.1,2154.16,131,3,3.0,0,App,Linha A,1796.42,0
256,52,4.3,1340.8,191,4,1.4,1,App,Linha B,22389.19,0
590,52,2.6,1067.25,203,5,4.1,1,WhatsApp,Linha E,14213.48,0
651,90,1.1,1232.93,66,3,11.4,1,WhatsApp,Linha D,8197.17,0
1105,64,1.7,130.61,6,5,7.1,0,App,Linha C,1515.69,0
562,24,3.4,861.5,162,2,3.9,0,App,Linha E,4619.1,0
644,31,2.1,426.51,227,5,5.4,0,WhatsApp,Linha E,1778.61,0
442,19,1.7,1673.78,189,4,13.4,0,WhatsApp,Linha D,4036.76,0
1629,13,1.0,1281.37,155,2,12.2,1,App,Linha E,1750.99,1
1997,60,3.7,1728.06,216,2,6.0,0,WhatsApp,Linha D,27323.86,1
681,47,0.8,298.48,5,4,12.4,0,Presencial,Linha B,1110.59,1
813,51,2.5,376.92,123,2,10.8,1,Presencial,Linha D,5205.23,0
1505,59,7.5,791.39,54,2,2.0,0,Telefone,Linha C,33733.16,0
1646,40,2.4,690.36,130,5,8.6,0,WhatsApp,Linha D,6279.71,0
463,61,1.6,2025.35,59,4,8.5,0,Telefone,Linha D,18134.6,0
737,47,1.9,2220.52,7,5,17.1,0,WhatsApp,Linha A,16455.54,0
1540,42,0.5,1228.6,193,3,8.5,0,App,Linha C,2277.35,0
1634,11,3.7,366.38,122,3,4.6,0,Telefone,Linha D,1490.27,0
954,64,5.3,864.9,210,4,5.6,1,Telefone,Linha B,21689.3,0
1829,17,3.6,1588.85,122,3,5.3,0,WhatsApp,Linha C,7678.08,0
1267,19,7.8,988.73,50,5,6.0,1,Telefone,Linha D,15068.89,0
937,13,1.2,669.79,39,1,4.2,0,WhatsApp,Linha C,1050.37,0
20,2,1.0,1400.44,110,4,2.5,2,Telefone,Linha A,276.37,0
853,75,1.8,476.6,39,3,12.2,2,App,Linha A,5875.32,0
896,48,4.1,1266.0,113,3,5.8,0,Telefone,Linha B,24630.36,1
637,17,4.1,1688.27,93,3,8.3,0,App,Linha E,11103.81,0
1253,87,4.4,1005.25,151,1,2.9,0,App,Linha D,29546.93,1
1234,22,0.4,496.12,174,2,10.9,2,WhatsApp,Linha E,438.04,1
670,25,3.7,413.01,147,3,6.1,0,App,Linha C,3014.2,0
1264,30,2.5,1054.5,3,2,1.7,0,App,Linha E,6774.29,0
635,65,1.0,1145.46,237,5,4.1,0,App,Linha D,7508.31,1
209,39,2.3,2564.66,167,2,6.6,0,Telefone,Linha D,23312.5,0
289,54,1.6,1902.8,56,1,5.7,3,Telefone,Linha E,12102.93,0
1939,4,1.7,327.87,163,4,1.6,1,WhatsApp,Linha B,185.46,1
1484,15,3.8,2473.52,95,3,6.4,0,WhatsApp,Linha B,11645.11,0
409,87,3.2,1461.59,17,1,7.3,1,Telefone,Linha D,31711.98,0
629,5,2.0,1300.65,109,2,4.1,0,Presencial,Linha A,932.22,0
23,21,0.6,861.91,62,1,0.9,0,WhatsApp,Linha A,838.92,1
205,62,1.9,1385.1,178,4,4.8,2,WhatsApp,Linha A,15504.28,1
871,82,3.8,223.32,131,2,4.0,0,WhatsApp,Linha D,6260.49,1
341,35,1.4,961.15,20,1,8.5,0,WhatsApp,Linha C,4868.31,1
1873,82,1.2,960.73,113,2,8.1,1,WhatsApp,Linha C,7256.94,1
1222,51,4.9,914.72,178,1,2.8,0,WhatsApp,Linha B,22826.85,0
1855,9,0.8,806.12,26,5,4.4,0,App,Linha A,517.36,0
550,29,0.8,2195.12,174,4,5.2,1,Telefone,Linha A,5097.82,0
1580,88,3.2,465.52,31,1,4.3,2,Telefone,Linha D,10873.04,0
532,12,3.5,1551.62,154,3,8.3,0,App,Linha B,4844.87,0
1462,17,0.2,600.38,59,1,6.5,0,WhatsApp,Linha E,198.53,0
82,34,2.4,1131.48,145,2,0.7,0,App,Linha C,8087.97,0
1180,86,1.9,1670.01,234,1,2.4,0,WhatsApp,Linha E,26390.32,0
52,89,0.4,523.81,205,3,10.5,0,App,Linha B,1916.67,1
1033,63,0.8,718.18,8,2,9.2,0,WhatsApp,Linha E,3415.03,0
1242,49,3.8,450.3,127,4,7.9,0,App,Linha E,7479.21,0
1659,70,0.4,1842.33,84,5,4.2,1,App,Linha A,3601.11,0
1436,62,1.9,1322.95,40,1,4.7,0,Telefone,Linha D,9793.36,0
95,80,0.7,486.81,222,1,6.6,0,Telefone,Linha A,2195.1,1
1828,89,2.6,1262.29,210,5,5.4,0,App,Linha B,29412.27,0
1251,13,2.7,669.89,181,1,5.7,1,Presencial,Linha E,1962.98,1
1202,74,2.5,745.68,176,3,5.2,0,App,Linha A,13563.62,1
1733,74,1.4,729.1,195,3,6.4,0,App,Linha A,7670.44,0
1534,82,1.3,1556.33,99,4,3.0,1,Telefone,Linha D,9691.1,0
1615,47,3.7,821.21,41,1,4.5,0,App,Linha B,10262.11,0
1673,67,1.8,984.09,118,1,2.0,0,Presencial,Linha D,9801.77,1
920,3,2.6,442.23,220,4,4.1,1,WhatsApp,Linha C,286.94,1
1856,38,1.6,1739.17,25,2,2.0,0,App,Linha E,10317.82,0
1331,19,4.2,492.31,149,4,4.9,0,WhatsApp,Linha C,4191.94,0
1510,94,2.6,1454.73,4,5,2.5,1,WhatsApp,Linha E,27591.78,0
1710,39,3.2,396.1,77,4,3.5,0,Telefone,Linha E,3488.31,1
1060,64,1.2,1442.67,123,4,3.1,0,App,Linha B,6838.89,1
1723,17,5.8,1164.47,117,4,6.0,0,Presencial,Linha A,11823.16,0
161,43,0.8,584.09,212,3,2.6,2,App,Linha E,1226.33,1
1269,1,1.2,872.18,90,1,2.7,1,App,Linha D,110.25,1
1119,86,1.6,944.92,151,5,7.1,0,App,Linha A,10583.79,0
673,38,4.6,1131.85,169,2,5.8,0,App,Linha B,16351.06,0
1459,59,4.5,1281.75,98,4,2.0,0,WhatsApp,Linha D,26999.38,0
1781,13,4.9,951.22,161,2,5.8,1,WhatsApp,Linha D,5997.46,0
1835,46,3.2,480.97,176,1,4.8,1,App,Linha C,5441.76,0
287,20,1.3,642.91,48,2,5.7,2,Presencial,Linha C,1554.46,0
1926,41,2.7,204.25,190,3,8.1,1,Presencial,Linha A,2398.22,0
17,88,2.0,861.88,83,5,9.7,1,App,Linha B,14000.72,1
1225,25,0.1,322.13,18,1,3.3,0,WhatsApp,Linha C,66.94,0
1538,66,3.3,835.04,206,1,2.7,0,Presencial,Linha D,18076.17,0
1867,81,3.8,233.26,208,3,3.7,1,App,Linha E,5681.66,0
1832,8,1.8,894.21,171,5,7.4,1,Telefone,Linha C,1291.29,1
978,36,1.7,558.33,149,4,11.0,0,App,Linha D,2949.42,1
779,73,4.2,1930.08,202,1,3.7,0,WhatsApp,Linha E,36186.17,1
136,86,2.3,797.56,63,4,4.3,1,App,Linha A,16892.02,0
846,77,1.0,1110.59,224,1,5.2,0,WhatsApp,Linha B,6323.36,1
1902,2,1.5,2407.79,4,2,11.1,2,WhatsApp,Linha A,490.21,0
1642,76,0.6,776.34,46,3,4.0,0,Presencial,Linha D,2601.52,1
212,56,1.0,497.07,239,2,8.2,1,App,Linha C,2386.07,1
1566,14,0.8,493.32,17,3,8.3,1,WhatsApp,Linha B,410.45,0
1131,15,0.8,684.47,172,1,2.8,1,WhatsApp,Linha E,613.37,0
1489,32,0.9,630.99,104,1,2.2,0,WhatsApp,Linha D,1189.36,1
89,72,1.8,691.54,117,2,5.1,2,App,Linha A,6275.33,0
892,86,1.1,1386.59,215,5,9.4,1,Presencial,Linha A,12008.33,1
299,93,1.8,351.14,36,4,1.8,0,WhatsApp,Linha A,3856.98,0
1935,7,1.5,1970.51,135,5,6.5,0,App,Linha C,2019.38,0
1383,38,0.9,1281.4,32,2,3.8,0,Telefone,Linha B,3711.0,0
1372,26,1.7,1339.47,7,4,2.5,0,WhatsApp,Linha D,3693.29,0
855,8,2.5,2559.84,211,4,2.4,0,WhatsApp,Linha E,3479.92,0
996,8,5.4,268.07,83,2,16.4,0,App,Linha D,933.76,0
1498,7,0.6,1664.37,27,2,4.2,0,App,Linha B,411.32,0
1195,40,4.5,1200.43,231,5,4.8,0,App,Linha B,20469.85,0
46,7,2.6,881.63,173,5,11.5,1,Telefone,Linha D,1692.53,0
1478,70,2.3,651.65,178,5,0.6,1,WhatsApp,Linha E,8922.63,1
1294,7,4.7,1611.03,239,4,1.0,0,App,Linha A,3766.53,0
1737,79,1.8,581.65,60,5,6.1,0,App,Linha E,6609.41,0
1780,81,0.9,841.81,51,3,9.5,0,App,Linha D,5372.67,1
529,44,5.5,698.94,122,2,3.7,0,App,Linha C,15401.4,0
1721,46,1.5,1443.78,95,3,7.5,1,App,Linha E,8811.67,0
1554,16,2.0,1511.46,49,3,6.3,0,App,Linha E,4193.79,0
482,62,0.5,225.77,60,4,2.8,0,Presencial,Linha B,550.56,0
1644,9,2.1,965.8,52,4,1.7,1,Telefone,Linha C,1751.57,1
1015,37,4.3,1854.45,3,3,0.5,2,WhatsApp,Linha D,31616.04,0
834,10,1.7,711.29,153,1,5.6,0,App,Linha A,978.82,1
572,17,1.9,331.24,80,1,4.2,0,Telefone,Linha C,907.67,0
111,1,1.4,947.21,2,2,4.6,1,Presencial,Linha D,86.3,1
1227,52,1.7,13.8,156,4,7.3,1,WhatsApp,Linha D,126.19,0
1810,1,2.0,443.99,110,2,2.1,2,WhatsApp,Linha B,90.92,1
1527,39,1.4,657.0,82,4,10.8,0,WhatsApp,Linha A,3359.67,0
1981,63,2.7,421.84,86,2,12.6,0,App,Linha C,4690.07,0
991,62,0.8,562.28,14,4,3.4,0,App,Linha C,1821.45,0
1011,90,6.7,2518.99,215,5,3.2,0,Presencial,Linha D,99660.41,0
709,28,1.5,999.07,2,2,3.3,0,Presencial,Linha C,3540.97,1
63,44,4.2,641.38,228,3,10.1,1,WhatsApp,Linha E,9432.85,0
769,53,0.7,2471.67,153,1,4.1,0,Telefone,Linha D,9153.71,1
333,30,4.7,1756.62,239,5,5.1,0,App,Linha B,16038.7,0
2,93,2.7,577.95,165,1,4.6,0,App,Linha E,15597.4,0
824,52,0.2,1474.91,76,3,6.1,0,App,Linha A,1134.35,1
1963,32,1.0,294.72,30,4,7.7,0,Presencial,Linha C,642.15,1
143,1,1.9,1190.94,92,2,10.8,0,Telefone,Linha C,214.67,0
751,63,7.5,595.76,87,5,1.5,1,Presencial,Linha B,21218.13,0
1473,95,3.4,1985.95,132,3,4.7,0,Telefone,Linha B,37871.59,0
986,4,8.0,448.47,172,4,0.6,0,Presencial,Linha C,1078.27,1
1148,69,2.6,1025.82,139,5,8.1,1,WhatsApp,Linha C,17315.47,1
1578,15,0.5,818.67,228,1,10.0,1,Telefone,Linha A,497.85,0
199,24,1.8,668.11,82,1,3.3,0,Telefone,Linha E,2562.75,0
461,1,7.7,1448.67,73,5,5.0,0,App,Linha A,1177.52,0
160,15,1.9,1121.16,208,5,3.2,1,App,Linha D,3449.14,1
1058,22,1.6,882.18,176,3,8.1,1,Presencial,Linha B,2031.79,0
1103,72,0.4,566.76,170,3,6.8,0,Telefone,Linha A,1514.97,0
1334,29,1.3,1768.6,160,2,3.2,0,Presencial,Linha E,5821.45,1
1602,20,1.9,240.6,200,5,8.7,0,WhatsApp,Linha D,855.82,0
84,62,2.1,345.24,45,4,13.8,1,Telefone,Linha E,4590.77,0
1885,51,0.6,1732.54,37,5,13.6,1,App,Linha D,3870.08,0
1454,51,1.2,2700.76,61,1,2.6,0,Presencial,Linha A,16275.82,0
1531,86,3.5,1531.21,22,1,10.5,0,App,Linha E,47106.95,0
1031,84,0.5,897.87,216,1,8.9,1,App,Linha C,3319.82,1
428,8,4.1,823.15,130,2,1.9,2,App,Linha C,1829.38,1
290,33,0.8,890.32,12,3,7.8,0,WhatsApp,Linha D,1526.47,0
530,29,1.1,758.79,137,2,7.6,0,Telefone,Linha E,2253.38,1
714,8,0.8,2058.63,236,1,8.4,1,WhatsApp,Linha E,1388.66,1
1592,88,3.6,993.28,154,4,1.4,1,App,Linha A,19371.55,0
1790,78,2.3,805.44,124,2,4.3,0,App,Linha C,11053.96,0
600,16,3.5,578.62,162,5,10.4,0,App,Linha B,2153.29,1
402,14,1.3,1361.38,26,2,14.1,0,WhatsApp,Linha D,1784.96,0
1044,49,1.5,251.99,119,2,6.2,1,App,Linha C,1164.35,1
155,63,3.3,1250.86,78,4,3.6,2,Presencial,Linha D,16133.25,1
1563,49,4.8,1619.62,194,2,7.9,0,App,Linha E,35566.32,0
1463,74,2.2,1543.27,3,5,3.0,3,Presencial,Linha E,20514.09,0
1274,94,2.2,190.69,55,5,4.8,0,Telefone,Linha B,2442.84,0
296,84,1.7,532.14,217,4,4.2,1,App,Linha D,6195.81,0
1038,15,1.5,886.67,68,2,3.9,0,App,Linha C,1819.77,0
665,3,2.3,1381.32,74,2,4.6,0,WhatsApp,Linha E,574.71,0
814,38,0.9,1427.38,52,2,5.4,1,WhatsApp,Linha B,3837.08,0
1270,78,1.2,598.2,87,2,8.0,2,WhatsApp,Linha B,5532.33,0
1849,25,8.8,373.43,108,3,7.6,0,WhatsApp,Linha D,5665.68,0
1061,93,2.5,500.47,138,4,5.6,1,WhatsApp,Linha B,8179.46,0
1288,34,0.5,2194.91,231,3,1.8,0,Telefone,Linha B,3251.98,1
633,83,2.0,915.29,142,4,2.5,2,App,Linha A,9667.4,0
894,94,3.7,2001.89,132,1,5.5,0,WhatsApp,Linha D,58738.41,0
576,86,1.5,437.05,130,2,4.1,0,Presencial,Linha C,3316.59,0
1848,15,0.6,710.09,4,1,3.0,0,Presencial,Linha B,647.69,1
315,8,1.8,1406.61,208,3,6.4,0,Telefone,Linha C,2034.97,0
1969,83,0.9,942.08,111,4,5.6,2,WhatsApp,Linha A,4195.65,1
684,85,1.2,780.2,87,2,1.9,0,Telefone,Linha D,8202.79,0
1474,21,1.0,536.1,61,2,2.0,0,Telefone,Linha C,1010.8,0
427,60,1.2,1127.89,154,5,9.2,0,WhatsApp,Linha C,7912.55,1
1398,12,1.4,899.24,232,5,7.1,0,WhatsApp,Linha C,1509.99,1
176,28,2.9,1272.56,16,1,9.9,0,WhatsApp,Linha D,8175.35,0
1694,42,2.5,1499.42,29,2,10.9,1,Presencial,Linha C,12854.61,0
594,12,2.2,389.89,96,1,2.9,1,WhatsApp,Linha C,1014.15,1
808,79,1.4,1330.33,216,5,3.2,0,Presencial,Linha D,12608.81,1
491,33,3.2,198.7,11,2,5.0,1,Telefone,Linha B,1929.84,0
522,12,2.8,634.14,106,4,5.9,0,Telefone,Linha E,1827.73,0
704,74,0.3,795.8,50,1,1.0,0,WhatsApp,Linha E,1277.55,0
492,94,1.3,800.76,138,2,10.9,1,WhatsApp,Linha C,6616.03,0
423,42,2.5,547.16,193,5,2.8,1,WhatsApp,Linha C,4091.28,1
1439,66,1.7,523.16,104,5,0.9,0,WhatsApp,Linha B,3456.57,0
1965,44,2.0,465.2,70,3,7.9,0,WhatsApp,Linha B,2584.19,0
1884,86,2.9,1049.75,15,3,13.1,1,WhatsApp,Linha C,24223.25,0
444,63,6.2,1622.86,20,5,1.9,0,WhatsApp,Linha B,43663.05,0
772,37,0.3,954.13,153,5,0.3,0,App,Linha C,1072.34,1
1878,45,2.3,814.57,9,2,2.3,1,WhatsApp,Linha D,6172.5,0
1697,38,3.1,708.11,87,3,10.6,0,WhatsApp,Linha C,5109.37,0
55,9,2.3,515.5,16,5,8.9,0,App,Linha B,653.57,0
1893,80,4.5,697.8,149,1,6.7,0,App,Linha E,17726.65,0
1537,42,2.8,576.58,161,4,6.1,0,WhatsApp,Linha C,5810.26,1
1027,2,1.1,2483.47,143,4,15.5,0,Telefone,Linha A,388.34,1
227,70,1.5,917.22,122,1,3.6,2,WhatsApp,Linha A,9530.83,1
1861,2,2.5,378.82,239,4,5.0,0,WhatsApp,Linha E,165.0,1
641,4,2.7,965.14,208,3,4.8,0,Telefone,Linha A,686.36,1
410,63,1.0,802.48,174,5,3.6,0,App,Linha D,4164.21,1
13,3,5.5,1446.71,191,2,3.4,0,WhatsApp,Linha B,2294.9,1
1897,20,0.6,404.32,221,5,6.5,0,App,Linha D,437.25,1
405,15,2.4,1497.19,238,2,2.1,2,App,Linha C,4701.81,1
800,54,0.5,619.16,28,1,6.7,1,Presencial,Linha E,1549.25,1
74,54,4.8,736.21,84,3,2.7,0,WhatsApp,Linha B,11369.54,1
196,37,2.8,1574.93,122,5,12.0,0,WhatsApp,Linha C,13175.18,0
400,8,1.0,808.89,145,5,5.8,0,App,Linha B,694.73,0
309,68,4.0,1143.4,147,4,8.6,1,App,Linha E,31910.81,0
1360,59,3.2,2177.3,122,3,8.2,1,Presencial,Linha B,30709.03,1
1460,49,3.5,604.94,34,2,10.4,0,WhatsApp,Linha E,10086.36,0
1344,67,4.0,754.41,183,3,14.1,1,Telefone,Linha A,12398.7,0
1049,78,3.5,578.73,207,2,5.3,0,Presencial,Linha C,16166.97,1
1196,15,2.8,938.6,90,1,1.1,1,Presencial,Linha E,4044.32,0
216,2,1.7,1462.65,180,2,8.6,0,App,Linha D,474.02,0
1767,11,0.1,914.34,53,3,5.9,1,Telefone,Linha D,94.15,0
998,51,2.3,1943.4,199,1,10.1,0,WhatsApp,Linha B,16955.77,1
164,13,3.3,1191.36,17,2,10.5,0,WhatsApp,Linha B,3987.41,0
860,67,2.5,1383.33,147,4,5.3,1,App,Linha A,20079.1,0
980,95,3.6,1102.77,194,3,4.9,0,Telefone,Linha C,25778.05,0
560,36,0.8,1031.93,180,3,1.0,0,App,Linha E,2760.53,0
1542,30,1.4,964.44,26,3,7.0,0,App,Linha A,3110.89,0
1858,60,0.4,1499.74,71,1,1.9,0,App,Linha C,3176.04,0
539,90,1.0,1047.93,41,1,6.8,1,WhatsApp,Linha D,7732.56,0
1178,40,8.6,1573.2,10,2,4.5,0,Presencial,Linha C,57446.69,0
1761,76,2.3,1523.39,219,3,11.6,0,App,Linha D,22708.43,0
852,95,3.5,1779.93,83,5,4.7,1,App,Linha E,56008.82,0
281,32,2.1,714.12,60,2,9.8,0,Presencial,Linha E,3288.82,0
1925,32,0.3,632.47,178,3,1.8,0,WhatsApp,Linha C,594.47,1
497,52,6.0,1142.63,12,3,7.6,0,WhatsApp,Linha A,37620.53,0
312,21,3.0,1149.17,162,5,11.0,0,WhatsApp,Linha A,5114.49,1
132,62,3.7,957.1,176,5,7.4,0,Presencial,Linha D,19479.16,0
252,67,3.9,418.98,232,5,7.6,0,WhatsApp,Linha C,10853.42,0
1705,42,0.2,1551.02,148,3,2.5,0,App,Linha A,1349.81,0
495,69,0.9,1647.37,98,3,10.2,0,WhatsApp,Linha D,10229.57,1
1210,90,1.0,830.39,108,2,1.7,3,WhatsApp,Linha D,6495.72,1
1590,63,5.0,1652.38,215,2,11.9,0,Telefone,Linha E,44734.19,0
137,91,8.8,663.57,19,2,11.7,1,Telefone,Linha A,34198.25,0
1626,88,5.2,188.24,145,5,3.2,0,WhatsApp,Linha E,6848.09,0
648,39,13.8,748.94,120,2,14.5,1,Presencial,Linha B,37609.54,0
1958,45,3.3,774.14,192,2,10.0,0,App,Linha E,7740.48,1
1954,25,2.1,1225.05,15,5,3.0,0,App,Linha E,5524.77,1
585,9,2.9,515.61,203,5,4.4,0,WhatsApp,Linha C,1102.71,1
1291,92,0.4,705.35,45,1,5.6,0,Telefone,Linha D,1967.64,0
905,47,0.4,1246.28,97,2,4.2,0,App,Linha D,1921.15,0
1813,15,0.6,1224.8,231,4,4.7,0,WhatsApp,Linha C,1162.56,1
360,32,5.8,1765.37,124,3,1.9,0,Telefone,Linha E,30457.31,0
1095,51,0.9,1642.67,78,5,5.0,1,WhatsApp,Linha B,7020.23,0
1012,14,3.7,64.68,36,4,19.9,0,Telefone,Linha A,255.59,1
1184,46,1.6,1785.14,118,3,3.6,1,WhatsApp,Linha C,13097.03,0
708,24,2.4,753.72,16,5,1.7,1,WhatsApp,Linha C,3498.85,0
1667,81,1.2,477.96,192,1,1.3,3,App,Linha A,4613.14,1
240,16,3.0,2273.26,9,4,5.0,0,Telefone,Linha E,10125.88,0
351,37,1.3,450.8,193,4,2.5,0,App,Linha B,1652.97,0
1130,56,0.9,377.43,105,5,8.4,1,App,Linha D,1634.68,0
956,56,4.0,427.03,74,1,6.4,1,Telefone,Linha B,9015.3,1
1146,43,3.6,459.24,207,4,1.3,0,Presencial,Linha B,6845.57,0
936,17,1.3,946.04,162,4,8.8,1,Telefone,Linha B,2224.06,1
1684,40,3.5,828.98,88,5,2.2,0,App,Linha E,10528.61,0
773,74,4.7,945.49,75,1,5.6,0,WhatsApp,Linha E,33710.76,0
1349,37,3.6,1527.26,44,3,5.6,0,WhatsApp,Linha B,13607.41,0
660,92,1.7,300.11,88,1,9.6,1,WhatsApp,Linha D,2921.89,0
867,51,1.0,803.15,107,3,8.9,1,App,Linha A,3631.23,0
1153,6,1.0,1207.16,164,5,6.3,0,Telefone,Linha C,567.04,1
571,30,0.8,1898.76,148,3,6.8,0,WhatsApp,Linha B,2674.7,0
1564,3,1.5,2224.68,2,4,4.5,0,Presencial,Linha D,1002.66,0
1261,49,3.8,493.37,168,3,10.1,0,Presencial,Linha A,5766.11,0
1293,50,2.9,593.47,51,2,4.5,0,Telefone,Linha C,8246.14,0
650,74,1.9,1466.25,225,1,3.7,1,WhatsApp,Linha A,20874.37,0
558,64,3.7,653.81,213,1,8.5,0,WhatsApp,Linha E,15155.22,1
821,91,1.0,1108.36,137,3,14.9,1,Telefone,Linha B,7319.71,0
1423,59,1.4,1721.09,234,5,4.0,1,Telefone,Linha D,12276.06,0
28,89,2.3,633.46,100,4,1.5,0,App,Linha C,13276.5,0
426,54,3.6,744.25,70,4,3.3,1,Presencial,Linha B,11269.81,0
1499,14,1.0,2217.73,195,1,5.2,0,App,Linha D,1860.68,0
1115,27,4.0,1206.65,96,2,14.9,0,Telefone,Linha B,13096.98,0
639,89,1.6,442.88,180,3,6.5,1,App,Linha E,5912.72,0
1447,43,2.1,1899.0,53,2,8.8,1,WhatsApp,Linha B,13858.01,0
488,48,1.3,433.73,181,3,15.5,1,Telefone,Linha C,2691.07,1
949,42,1.4,2473.47,173,1,10.1,1,App,Linha A,9609.41,0
1197,21,3.3,461.81,8,4,10.1,0,App,Linha C,2879.27,0
1085,51,1.0,751.25,60,2,10.2,1,WhatsApp,Linha A,3625.97,0
1250,1,2.1,806.63,162,1,8.4,0,WhatsApp,Linha C,164.22,1
496,34,4.1,605.69,31,5,4.6,0,WhatsApp,Linha A,7104.86,0
598,53,3.4,216.02,192,3,13.1,0,App,Linha E,3624.05,0
1243,20,1.0,1103.25,156,2,6.0,1,WhatsApp,Linha D,1819.85,1
997,26,2.6,920.5,9,1,3.5,0,Telefone,Linha A,4024.34,0
91,87,2.1,581.08,99,1,9.1,0,WhatsApp,Linha E,10017.8,0
51,4,6.3,629.82,79,4,3.5,1,App,Linha E,957.4,0
790,95,3.4,1505.2,127,3,7.3,0,App,Linha B,33447.71,0
263,92,4.2,2645.08,25,5,6.7,0,WhatsApp,Linha B,73211.18,0
712,36,8.1,1098.25,82,3,4.6,0,Telefone,Linha A,33856.97,0
1219,17,0.8,642.66,228,4,5.4,0,App,Linha C,812.91,1
1106,15,1.9,1356.37,6,3,8.3,2,WhatsApp,Linha C,3844.45,0
149,79,7.0,1330.14,116,3,5.0,1,App,Linha E,74974.27,0
1817,64,0.6,708.63,119,2,7.5,0,WhatsApp,Linha B,2920.75,0
391,24,0.4,420.83,169,5,7.4,0,WhatsApp,Linha A,241.91,1
1993,37,1.3,395.91,217,2,5.7,1,App,Linha C,1549.98,0
79,18,1.4,886.89,8,5,8.9,1,App,Linha D,1685.59,0
1411,54,0.6,1688.29,65,5,1.7,1,App,Linha C,3241.56,0
1617,49,2.2,1099.39,10,2,19.4,0,App,Linha B,12828.57,0
1696,27,2.7,638.2,32,4,14.8,1,App,Linha C,4273.47,0
36,15,2.1,766.82,96,5,2.4,0,Presencial,Linha D,2471.58,0
942,67,0.3,246.01,65,1,5.7,1,App,Linha E,511.83,1
1387,25,5.9,1227.39,148,1,4.7,0,Presencial,Linha D,16706.07,0
952,52,0.6,1079.22,33,1,7.5,1,WhatsApp,Linha B,2373.34,0
1797,56,2.7,1510.0,186,3,4.6,0,WhatsApp,Linha E,16443.14,1
324,22,1.0,508.36,89,1,3.6,0,Presencial,Linha E,941.85,0
1090,25,4.1,972.27,134,4,2.6,0,App,Linha D,7223.24,0
7,83,3.4,598.01,113,2,2.0,0,WhatsApp,Linha B,14511.74,0
1246,63,2.6,1698.83,181,3,2.3,2,App,Linha E,28390.1,1
1946,60,2.6,982.91,91,1,3.5,0,WhatsApp,Linha E,14538.6,0
1126,31,2.6,860.77,55,4,7.4,0,WhatsApp,Linha C,6178.77,0
453,9,3.5,414.74,131,3,3.7,1,Telefone,Linha D,1168.47,0
925,64,2.4,1392.99,212,2,8.2,0,Telefone,Linha E,13258.83,0
816,38,0.8,445.8,156,2,12.6,0,App,Linha D,943.28,0
1725,60,1.5,1102.84,77,2,2.3,0,App,Linha C,9774.65,1
217,92,1.8,1218.23,188,4,17.2,0,Telefone,Linha A,18551.68,1
1820,12,0.8,249.68,228,3,9.3,1,Telefone,Linha E,241.96,1
396,36,4.6,231.23,202,1,5.3,0,Telefone,Linha D,3848.2,0
1588,39,0.6,1784.54,150,1,9.6,0,App,Linha C,3444.98,0
792,39,3.6,1977.93,62,3,8.4,0,Presencial,Linha D,16500.96,0
1157,90,1.2,953.76,110,5,11.1,1,WhatsApp,Linha A,6297.02,0
1917,75,1.0,4230.78,209,2,6.3,0,Telefone,Linha E,23368.43,1
504,4,5.7,1517.15,133,1,15.5,0,App,Linha D,2690.75,0
734,6,2.7,945.82,128,5,8.8,0,App,Linha B,1334.59,0
384,48,1.1,407.71,104,5,5.1,0,WhatsApp,Linha B,1381.73,0
726,33,1.8,641.81,100,4,2.9,0,WhatsApp,Linha C,3320.89,0
311,14,0.6,1879.44,110,2,3.3,0,App,Linha A,1272.6,0
595,25,1.6,701.37,36,3,3.2,0,App,Linha A,2623.02,0
921,23,0.6,1040.17,142,4,4.8,0,App,Linha C,1166.18,0
521,43,7.9,1681.41,20,1,8.6,0,WhatsApp,Linha B,54506.38,0
1691,45,3.0,927.69,79,4,3.0,0,Telefone,Linha D,10084.34,1
1614,54,1.6,2497.27,135,4,6.0,0,App,Linha C,12709.79,1
922,18,7.8,2079.68,86,4,16.2,0,Telefone,Linha B,17615.14,0
1708,53,0.6,1602.75,172,3,4.2,0,Telefone,Linha A,4427.65,0
1570,62,1.4,1858.57,83,4,7.7,1,App,Linha E,17270.11,0
206,58,4.2,434.65,59,1,3.0,0,Presencial,Linha B,8660.24,0
1871,94,2.4,483.87,6,4,2.3,2,Telefone,Linha D,11018.2,0
786,65,0.6,2178.02,77,4,9.0,1,WhatsApp,Linha C,8302.84,0
1772,51,2.0,827.77,21,1,2.3,1,App,Linha E,5947.45,0
760,21,3.4,422.67,122,3,4.0,0,App,Linha B,2706.12,1
1785,29,1.1,935.83,64,4,5.4,1,App,Linha D,3011.01,0
1771,32,1.7,1295.17,178,4,7.9,0,App,Linha D,5107.45,0
1516,31,6.6,1334.87,188,4,8.2,0,Telefone,Linha D,22696.14,0
1982,79,1.0,995.66,31,2,6.9,2,WhatsApp,Linha D,7504.92,0
1323,48,3.1,422.52,203,4,7.9,0,App,Linha E,5067.42,0
1747,17,4.8,645.25,209,2,4.9,0,WhatsApp,Linha A,4918.14,0
664,1,0.5,1698.28,105,4,3.2,0,App,Linha B,86.95,1
679,45,1.2,991.59,230,3,4.1,1,Presencial,Linha B,5320.95,1
881,90,1.8,609.48,79,4,6.2,1,App,Linha B,10309.47,0
575,89,3.8,815.27,50,4,3.3,0,WhatsApp,Linha B,19388.48,1
1535,33,1.5,670.48,175,1,9.3,1,Telefone,Linha B,2648.77,0
630,29,2.3,1218.56,44,3,5.6,2,WhatsApp,Linha E,6673.3,0
316,7,4.3,1323.7,232,1,7.3,0,App,Linha C,2851.8,1
743,5,2.2,872.5,36,4,7.9,0,App,Linha B,904.17,0
1104,42,0.8,1121.15,190,5,4.6,1,App,Linha E,2670.92,1
1746,64,3.9,1757.96,13,4,2.0,0,WhatsApp,Linha C,41718.11,0
787,32,2.7,1361.26,133,5,6.6,0,App,Linha C,9646.63,0
1521,37,3.3,953.93,103,5,1.3,0,Telefone,Linha D,7335.26,1
1532,25,3.9,476.35,131,5,8.5,0,Presencial,Linha D,4709.76,0
27,22,2.3,355.38,167,2,12.6,1,WhatsApp,Linha C,1305.32,1
1892,79,2.3,985.81,111,1,8.6,0,Presencial,Linha E,16078.96,0
1166,43,2.1,467.74,191,5,2.5,0,App,Linha C,3045.51,0
1844,60,2.1,765.94,34,5,7.2,0,Presencial,Linha E,9329.75,0
1714,78,2.2,1082.12,167,2,6.1,0,App,Linha A,12373.25,0
257,33,2.4,743.62,84,3,5.6,0,WhatsApp,Linha D,5757.68,1
1311,88,0.2,1678.78,219,5,13.6,0,App,Linha B,2281.6,1
1235,26,2.8,994.34,69,1,2.9,0,Telefone,Linha D,7632.86,1
1574,65,8.0,1089.65,216,4,3.7,0,App,Linha A,58430.27,0
189,77,1.4,2724.64,65,1,4.5,0,App,Linha A,28200.88,0
190,3,0.3,1664.33,50,2,4.1,0,Telefone,Linha C,115.05,1
1458,44,3.7,1479.83,233,2,1.6,0,Telefone,Linha B,17114.35,0
663,39,1.3,601.1,33,2,2.8,1,Presencial,Linha B,2550.71,0
243,70,2.3,1072.02,199,2,6.5,0,Telefone,Linha E,17290.63,1
1773,75,1.0,1218.41,112,1,8.4,1,Presencial,Linha A,8719.75,0
1282,55,4.1,663.6,111,4,11.1,1,Telefone,Linha B,14942.97,0
689,57,0.8,458.02,75,4,3.9,0,App,Linha E,1234.36,0
826,88,2.5,751.01,222,2,12.7,0,WhatsApp,Linha C,11829.29,1
864,32,1.5,2186.09,75,2,6.0,1,App,Linha A,7393.29,0
499,10,2.9,1971.7,80,2,3.4,1,App,Linha D,4573.64,1
42,55,1.4,636.93,186,5,5.0,0,WhatsApp,Linha D,4512.99,1
895,63,3.1,1190.4,116,1,8.9,0,WhatsApp,Linha D,20665.26,0
449,90,1.5,726.65,95,2,5.3,0,Presencial,Linha A,6012.23,1
100,89,1.6,1025.88,163,4,3.9,0,Presencial,Linha E,13080.16,1
1356,24,0.3,1460.37,30,2,14.9,0,Telefone,Linha D,825.45,0
1726,64,1.9,880.3,55,2,1.9,0,Presencial,Linha B,8894.13,0
899,26,1.7,1449.21,53,3,9.0,2,App,Linha B,3834.03,0
583,19,2.5,1439.72,14,2,4.7,0,App,Linha B,5879.65,0
1397,40,3.0,693.98,66,3,3.1,0,Telefone,Linha C,8734.39,0
485,16,2.0,1053.24,113,5,2.4,2,WhatsApp,Linha D,3334.34,0
1414,53,2.9,1983.87,78,5,3.3,0,App,Linha E,26007.75,0
721,64,1.7,907.7,106,2,2.7,1,App,Linha C,6297.56,1
1904,77,1.7,392.59,93,4,3.7,0,WhatsApp,Linha A,4817.93,1
1749,22,1.9,1347.16,36,3,4.8,0,WhatsApp,Linha D,4707.54,1
251,90,5.5,1219.29,43,4,2.2,1,WhatsApp,Linha A,45991.68,0
437,40,2.7,1180.93,94,1,6.3,0,WhatsApp,Linha E,12906.98,0
77,93,5.4,458.9,172,2,7.4,0,Telefone,Linha D,21566.62,1
1544,13,4.2,742.51,50,2,3.0,0,WhatsApp,Linha D,3051.64,0
1207,35,3.7,2015.85,201,2,6.6,3,Presencial,Linha A,16071.78,1
720,41,2.7,632.0,23,1,4.1,1,App,Linha C,5343.11,0
517,33,0.8,921.72,237,3,5.6,0,Presencial,Linha C,2517.63,1
820,79,2.4,2021.67,70,4,7.1,1,App,Linha B,22442.83,0
891,47,6.6,543.76,50,1,6.0,0,App,Linha A,15275.98,0
1650,59,3.5,1538.85,97,1,6.1,0,WhatsApp,Linha E,23072.36,1
1655,5,4.5,138.36,229,3,5.4,0,App,Linha D,237.22,1
686,36,0.5,434.19,117,2,8.4,3,App,Linha C,654.27,1
1386,37,5.6,2443.07,167,2,4.2,1,App,Linha D,42972.21,0
1214,7,2.5,981.67,136,4,5.8,0,Presencial,Linha B,1263.22,0
440,13,1.1,2391.0,15,5,5.2,0,WhatsApp,Linha C,2489.54,1
420,86,0.6,1196.58,124,5,11.2,1,Telefone,Linha C,5285.89,0
1857,48,2.6,1914.31,36,3,9.2,0,Telefone,Linha C,20298.05,0
832,29,4.9,593.76,155,4,7.6,1,WhatsApp,Linha D,5649.9,0
1400,71,0.8,2878.13,43,2,5.9,0,Presencial,Linha C,11973.54,0
993,66,3.3,825.04,148,1,4.4,1,WhatsApp,Linha E,14231.38,1
778,78,1.2,814.95,197,5,10.0,0,WhatsApp,Linha C,5689.79,0
503,69,2.6,1512.41,52,3,6.9,0,App,Linha B,27251.06,0
1159,12,0.6,1370.28,195,5,8.0,0,WhatsApp,Linha A,883.99,1
1953,13,1.1,1359.0,72,1,5.0,0,Presencial,Linha A,1944.03,0
1482,89,0.3,1137.86,59,5,16.6,1,App,Linha E,2252.95,1
1520,3,5.0,412.9,159,3,2.9,0,App,Linha A,364.06,0
1709,30,4.7,561.37,226,1,6.8,0,Telefone,Linha E,4968.49,1
201,59,4.8,1507.99,41,1,6.2,2,WhatsApp,Linha B,31846.08,0
350,6,1.0,653.37,40,5,0.7,1,App,Linha A,267.29,0
1258,32,3.6,1254.86,176,5,6.6,2,App,Linha B,14541.2,1
840,88,0.3,818.33,8,5,5.6,0,App,Linha A,1817.48,0
1145,26,0.5,727.95,224,5,8.4,1,App,Linha B,583.19,1
636,86,4.8,1694.87,18,1,7.7,0,Telefone,Linha B,66357.23,0
1413,51,2.8,1055.82,132,1,6.1,0,WhatsApp,Linha B,9033.69,0
1388,76,3.0,1284.29,82,3,7.4,0,Telefone,Linha D,25349.2,0
319,33,2.0,473.36,91,4,1.3,0,Presencial,Linha A,2009.92,0
60,92,0.6,2330.8,38,4,4.3,0,App,Linha A,8758.56,0
1368,25,0.7,801.77,35,5,5.4,0,Presencial,Linha E,859.63,0
582,61,2.9,1312.8,41,2,2.8,0,Presencial,Linha E,18586.49,0
356,95,3.4,2014.27,137,3,5.1,1,WhatsApp,Linha E,52747.27,0
1239,71,1.9,323.02,184,5,8.5,0,App,Linha A,2793.15,1
1113,38,2.6,1101.4,90,3,3.5,0,App,Linha B,11409.53,1
494,10,1.5,599.96,167,5,4.4,0,Telefone,Linha B,528.55,1
1314,46,1.2,2040.43,43,4,4.0,0,Telefone,Linha C,10364.94,0
724,17,1.9,1109.22,227,5,3.5,2,Telefone,Linha B,3202.29,1
181,62,9.8,1807.85,105,4,6.2,0,Telefone,Linha E,99005.93,0
1495,26,0.8,1467.34,212,4,5.3,0,WhatsApp,Linha D,1955.91,0
245,93,2.3,1046.19,27,5,6.3,0,App,Linha A,13607.8,0
1698,60,2.6,1942.78,39,1,2.5,0,App,Linha D,19002.04,0
275,2,3.3,1554.02,8,2,5.1,0,Telefone,Linha A,1002.54,0
1643,42,2.3,1027.8,59,5,8.9,1,Presencial,Linha E,7028.25,0
577,13,3.2,768.85,47,1,6.3,1,App,Linha D,2593.0,0
1200,53,2.9,554.96,211,3,4.2,0,App,Linha D,5663.35,0
393,60,3.4,2197.24,214,1,2.6,0,App,Linha A,43975.75,1
1585,61,3.4,582.73,202,3,1.9,1,App,Linha E,11400.83,0
221,19,0.8,1423.1,24,4,5.7,0,WhatsApp,Linha B,1585.21,0
235,24,4.3,1587.19,201,4,14.4,0,WhatsApp,Linha B,13886.6,0
941,10,1.0,1572.75,165,3,4.5,0,Telefone,Linha D,1578.12,1
35,80,1.7,1064.58,223,3,8.7,0,WhatsApp,Linha D,13615.33,0
86,95,1.3,762.34,170,5,11.9,0,Telefone,Linha D,9348.72,1
747,49,1.2,2395.9,53,3,1.8,1,WhatsApp,Linha C,14749.74,1
157,4,2.5,285.58,90,5,5.1,1,App,Linha B,292.44,0
1756,50,1.5,949.71,95,5,3.9,1,App,Linha B,7615.24,1
1260,29,0.3,340.74,178,4,7.6,0,Presencial,Linha E,241.49,0
1769,6,0.9,2323.67,151,1,5.2,0,WhatsApp,Linha B,1340.2,1
1124,38,3.9,1355.43,78,5,4.7,0,Presencial,Linha E,21722.24,0
1006,84,3.3,1368.07,207,1,4.8,0,App,Linha C,35660.39,0
913,88,4.3,1208.13,211,2,4.8,0,Telefone,Linha B,39886.38,0
364,18,3.1,1089.14,89,5,2.9,0,App,Linha A,4798.69,0
1722,27,3.3,330.92,17,4,4.4,0,Telefone,Linha D,2799.39,0
1046,62,3.1,1385.78,31,4,3.9,0,Presencial,Linha A,23593.02,0
1083,14,1.0,1581.65,51,5,2.0,0,App,Linha D,1316.37,0
1353,53,3.5,996.45,101,3,4.1,1,WhatsApp,Linha B,13510.16,0
381,33,1.9,978.38,8,4,8.0,0,App,Linha A,6315.79,0
1815,61,2.6,252.94,164,2,4.1,0,Presencial,Linha E,4217.51,0
1329,23,3.5,1645.13,127,4,2.3,0,App,Linha B,10060.76,0
510,32,0.3,397.61,165,5,3.6,0,Telefone,Linha B,316.83,0
68,81,3.1,1905.15,120,3,2.8,0,WhatsApp,Linha C,32307.92,0
1778,29,1.7,987.78,30,5,3.0,0,Telefone,Linha A,2937.5,0
1209,25,3.6,1020.63,190,2,5.8,0,App,Linha B,5955.69,1
1129,52,1.4,1790.06,34,4,14.2,0,App,Linha D,13792.23,0
1177,78,3.0,794.0,76,4,6.0,0,Telefone,Linha D,16917.64,0
1109,94,2.4,767.65,149,5,9.8,0,WhatsApp,Linha D,13640.86,1
188,62,1.8,1114.1,43,1,3.6,0,App,Linha E,7556.19,0
472,16,4.5,248.48,69,1,8.0,0,WhatsApp,Linha B,1439.15,1
1824,27,2.8,518.77,31,4,7.1,1,Telefone,Linha A,3675.59,0
394,7,0.9,673.99,42,2,1.9,0,App,Linha C,385.07,1
1249,71,0.4,825.89,82,4,7.5,0,Telefone,Linha C,2128.56,0
1816,35,1.2,355.28,29,3,4.5,0,App,Linha B,1346.15,0
1081,72,3.3,1555.31,111,2,14.0,1,Presencial,Linha B,28570.29,1
1286,74,1.2,1722.46,177,4,11.8,1,App,Linha B,14664.86,1
962,21,0.8,626.22,5,2,5.7,0,WhatsApp,Linha A,659.58,0
348,93,1.2,470.37,220,1,5.2,0,App,Linha E,5053.45,1
75,4,2.1,480.45,31,1,7.2,1,Telefone,Linha C,423.24,0
330,27,1.4,1983.66,25,1,2.2,0,App,Linha E,7488.72,0
1595,77,0.3,952.87,148,4,12.3,0,WhatsApp,Linha D,1867.0,1
1098,70,1.3,1633.0,86,3,1.6,0,App,Linha E,12384.53,1
1409,64,0.8,1033.83,169,3,2.9,0,App,Linha C,3920.33,0
1144,36,1.2,814.97,48,3,6.4,1,WhatsApp,Linha C,2190.0,1
135,44,1.4,837.57,175,4,5.7,1,WhatsApp,Linha C,4002.87,1
104,15,0.8,1375.01,134,4,4.3,0,WhatsApp,Linha C,1503.33,1
10,75,5.2,1339.13,129,4,1.7,1,WhatsApp,Linha E,37406.52,0
1930,50,2.3,814.77,163,1,4.8,1,Telefone,Linha E,8059.74,1
544,90,1.3,2869.9,127,2,0.4,0,Telefone,Linha E,26669.54,0
1543,13,1.3,1155.27,136,1,3.3,0,WhatsApp,Linha B,1362.28,1
11,88,1.8,1182.32,58,4,10.1,1,Telefone,Linha D,15134.6,0
919,7,5.7,558.06,77,1,2.5,1,App,Linha E,1550.24,0
1181,11,2.8,428.0,42,1,9.0,0,App,Linha E,1098.42,1
640,45,3.0,1649.52,38,4,2.5,1,Telefone,Linha A,18173.32,0
1013,64,2.3,1232.19,117,1,2.4,0,App,Linha E,14215.98,0
827,79,2.6,729.9,95,3,7.7,0,Presencial,Linha C,13920.56,0
767,5,0.4,1906.42,156,4,4.6,2,App,Linha E,233.05,0
1117,33,2.8,868.64,87,4,6.9,0,App,Linha E,8106.46,0
1720,13,1.2,1342.37,156,2,4.5,0,WhatsApp,Linha A,1800.84,0
65,47,6.2,1105.84,56,1,6.7,1,Telefone,Linha C,34269.78,0
285,80,2.9,1145.28,91,5,1.6,0,App,Linha A,20266.55,0
1241,84,9.7,801.58,93,4,6.0,1,App,Linha E,53778.78,0
1575,53,3.3,1450.81,61,2,11.9,0,App,Linha C,18987.87,0
617,74,4.6,1464.36,58,2,8.6,2,App,Linha C,30562.85,1
1021,50,3.7,442.08,237,1,4.3,0,WhatsApp,Linha E,8173.01,1
371,24,1.2,446.78,52,4,6.1,0,Presencial,Linha B,1141.65,0
1819,24,1.6,1226.44,113,5,3.9,0,App,Linha D,2995.62,1
1037,75,1.2,583.75,63,5,5.5,0,App,Linha C,3943.87,1
1609,41,1.1,1303.22,37,2,8.3,0,WhatsApp,Linha A,4714.23,1
126,72,4.8,729.95,125,1,7.1,0,WhatsApp,Linha C,15983.36,0
1834,27,2.4,227.63,15,2,1.3,0,App,Linha D,946.3,0
408,32,1.9,1845.37,85,3,2.5,0,Telefone,Linha B,11574.18,0
683,80,1.3,979.13,108,2,7.3,0,WhatsApp,Linha C,10307.06,0
1985,49,4.1,797.95,149,1,5.7,0,Telefone,Linha E,14220.55,0
1526,87,2.7,528.89,234,1,0.8,0,App,Linha D,13277.93,1
474,86,2.2,2808.5,203,4,8.6,1,App,Linha D,42759.51,0
140,47,0.6,886.06,101,4,6.5,0,App,Linha A,1522.96,0
1569,18,3.2,468.81,22,4,2.2,0,WhatsApp,Linha E,2784.0,0
192,72,1.5,794.59,1,1,8.2,0,App,Linha B,6165.84,0
1744,68,1.6,527.02,156,2,7.4,0,App,Linha D,5233.17,1
483,69,2.0,740.13,46,4,5.6,1,App,Linha C,9768.49,0
1607,57,3.0,1515.03,228,5,3.2,0,Telefone,Linha D,23742.07,0
1389,87,1.0,1240.29,50,2,6.1,1,App,Linha E,7539.27,0
321,76,5.6,285.35,230,4,16.5,1,App,Linha B,7827.18,1
1712,82,1.8,1998.45,225,2,1.6,1,App,Linha E,24021.67,1
755,27,0.8,397.31,130,1,2.0,2,WhatsApp,Linha A,790.12,1
1960,93,5.6,707.49,75,4,8.5,0,App,Linha A,32504.94,1
431,5,2.2,1032.71,118,2,13.3,0,WhatsApp,Linha D,1064.79,0
1952,12,2.2,1362.84,150,5,4.6,0,WhatsApp,Linha C,3776.51,1
1297,65,1.7,1207.13,128,3,7.7,0,Presencial,Linha D,13297.15,0
1395,6,0.7,172.86,53,5,6.0,0,App,Linha E,75.67,0
208,12,0.1,432.87,162,5,1.2,0,WhatsApp,Linha E,35.77,1
238,86,2.5,1158.2,202,3,6.3,0,WhatsApp,Linha E,24725.72,0
1004,68,2.5,1323.56,163,5,5.8,0,App,Linha D,14330.35,1
346,92,4.3,2217.08,34,3,18.4,1,WhatsApp,Linha E,63813.82,0
963,70,3.1,438.41,34,4,2.5,0,App,Linha C,8732.42,1
1724,95,5.9,557.68,215,2,3.4,1,Telefone,Linha D,24715.78,1
1164,89,2.2,2322.03,86,5,5.2,1,WhatsApp,Linha B,45109.94,1
1735,28,1.5,1206.38,169,5,9.7,0,App,Linha D,4486.53,0
458,34,4.2,804.74,214,5,4.1,0,WhatsApp,Linha E,8184.92,1
301,82,4.4,3291.26,131,1,0.1,2,WhatsApp,Linha B,91274.36,0
1886,88,0.8,675.55,178,5,9.0,0,App,Linha C,2986.98,0
460,89,4.1,1202.67,174,5,1.4,0,App,Linha D,39223.2,0
943,18,1.5,304.09,118,5,2.7,0,Telefone,Linha D,866.62,0
1661,60,2.7,1035.75,215,3,3.5,0,App,Linha A,12659.81,0
1318,54,1.2,1600.8,190,2,1.8,0,Presencial,Linha B,6259.11,1
475,57,0.7,249.14,129,5,1.5,1,Presencial,Linha A,770.65,1
1071,83,2.2,267.56,172,1,1.8,0,App,Linha C,3966.11,0
464,64,1.9,627.13,21,5,2.0,0,WhatsApp,Linha D,8208.83,1
6,21,0.4,1072.45,203,5,5.6,1,WhatsApp,Linha E,684.93,1
842,34,0.1,1528.52,15,2,7.6,1,WhatsApp,Linha A,560.11,0
327,51,0.9,885.57,78,1,3.2,0,WhatsApp,Linha E,3405.94,0
1125,13,1.4,196.31,165,2,4.3,0,Telefone,Linha E,340.94,0
1651,88,3.1,680.79,189,1,4.8,1,App,Linha A,12767.97,0
1468,62,3.4,1099.02,166,1,12.2,1,WhatsApp,Linha E,24646.82,1
893,56,3.1,295.98,223,3,9.5,0,WhatsApp,Linha B,4694.51,0
14,22,6.3,862.24,149,3,2.4,2,WhatsApp,Linha C,7975.48,1
695,31,2.5,124.44,200,1,1.8,0,Presencial,Linha E,696.28,1
388,26,3.8,1997.79,188,5,2.7,0,Telefone,Linha A,15677.7,0
524,65,0.9,847.32,4,3,6.0,0,Presencial,Linha B,4054.35,0
1715,77,2.1,1866.62,28,4,1.5,1,App,Linha D,20705.83,0
1319,85,2.1,658.73,46,5,5.2,0,App,Linha C,7929.17,0
1553,57,2.0,356.73,212,5,8.7,0,Telefone,Linha D,2612.67,1
604,42,1.1,1097.09,217,3,4.6,1,App,Linha A,3265.26,1
843,6,0.9,1952.91,228,2,6.1,0,Telefone,Linha C,925.99,0
323,86,2.6,339.09,178,1,6.7,0,WhatsApp,Linha C,4601.57,0
1198,47,4.3,855.34,152,4,8.3,0,App,Linha A,10251.92,0
1833,79,2.4,1812.66,184,5,5.2,0,WhatsApp,Linha C,37046.3,1
1014,38,2.4,1249.05,232,2,4.1,0,Presencial,Linha D,8502.23,1
1942,22,0.8,413.82,52,1,4.2,1,WhatsApp,Linha E,653.58,0
1579,49,0.7,1354.21,159,2,13.3,1,App,Linha A,4850.17,1
1938,80,2.6,1563.44,69,3,5.2,0,App,Linha A,21589.73,0
555,10,3.0,812.87,7,3,7.7,0,WhatsApp,Linha B,2194.81,0
831,5,3.0,3460.1,31,4,7.5,0,Presencial,Linha B,3893.22,0
456,58,1.8,2128.26,203,2,4.4,0,App,Linha A,16803.36,1
308,33,1.8,1527.88,69,3,1.8,2,App,Linha A,7745.72,1
73,6,0.2,890.58,198,2,12.9,0,Presencial,Linha D,70.17,1
258,40,4.5,2253.96,44,4,4.6,0,Presencial,Linha E,38092.02,0
1345,87,2.7,493.43,158,2,6.7,1,App,Linha D,9587.1,0
3,15,5.4,1365.71,60,1,6.5,0,WhatsApp,Linha B,9998.23,1
1550,62,0.4,1010.26,154,3,10.1,0,Telefone,Linha D,1499.97,0
1967,70,1.8,784.88,181,1,4.2,1,App,Linha A,6974.21,0
1332,19,3.8,979.27,1,1,5.6,0,Presencial,Linha D,7237.0,1
1717,12,3.2,2003.84,89,5,5.7,0,Telefone,Linha A,5897.99,0
930,57,2.4,1794.76,170,3,6.9,0,WhatsApp,Linha E,17638.14,0
1504,72,2.4,1327.97,189,2,8.8,0,App,Linha E,19802.4,0
480,47,0.7,837.02,182,2,10.5,0,App,Linha A,1972.25,0
1393,57,1.6,427.46,115,5,8.7,0,App,Linha B,4207.15,0
910,28,2.3,652.51,63,2,6.9,1,Telefone,Linha B,2840.54,0
118,35,4.6,1004.13,126,2,4.4,0,WhatsApp,Linha A,12045.23,0
1649,11,1.5,441.22,168,4,4.3,1,Telefone,Linha C,447.19,1
1660,37,1.5,1279.16,41,5,13.2,0,WhatsApp,Linha E,7302.25,1
1030,2,2.4,2181.92,51,5,3.0,0,WhatsApp,Linha B,803.73,0
467,22,2.4,1351.55,157,5,5.5,1,WhatsApp,Linha B,6822.84,1
1536,16,0.6,500.15,38,3,9.7,0,Presencial,Linha D,432.69,0
1509,95,1.0,1101.73,49,4,5.1,0,WhatsApp,Linha B,8955.98,0
446,92,2.1,523.59,44,1,7.0,1,App,Linha E,9259.76,0
1036,9,3.3,1913.76,179,4,5.8,0,App,Linha E,4725.33,0
777,85,1.0,1218.64,187,4,3.6,0,Telefone,Linha E,9809.31,0
605,58,2.5,1766.24,184,2,8.4,0,WhatsApp,Linha D,25561.96,1
569,23,2.0,648.84,222,5,7.7,1,App,Linha D,1992.24,1
1461,61,4.3,309.49,183,5,6.5,3,Telefone,Linha D,7436.01,0
1922,6,1.2,1380.5,35,1,8.8,2,WhatsApp,Linha A,639.04,1
1079,18,2.4,1706.4,100,2,4.9,0,App,Linha D,6234.23,1
1093,78,5.6,2756.51,76,4,0.7,1,App,Linha B,100632.64,0
85,14,4.8,245.02,37,5,8.6,1,Presencial,Linha E,1487.37,0
1599,4,0.8,537.45,121,3,5.6,0,Telefone,Linha D,132.09,0
1624,62,3.3,439.07,169,3,1.1,0,WhatsApp,Linha D,7253.29,0
1172,92,5.3,972.75,186,5,8.6,0,WhatsApp,Linha D,48146.58,0
756,49,3.1,748.0,195,1,8.5,0,App,Linha E,8777.9,0
1371,4,3.0,1571.23,227,4,2.8,4,App,Linha D,1331.02,1
152,42,1.4,2519.11,89,1,5.7,0,WhatsApp,Linha A,14726.35,0
1727,88,4.2,223.45,10,3,7.1,1,Telefone,Linha C,7799.3,0
1182,23,4.8,133.96,95,3,4.7,0,App,Linha A,1469.65,0
389,50,0.5,644.76,103,1,1.5,0,Presencial,Linha E,1688.56,0
732,46,1.3,690.97,168,1,1.3,0,Telefone,Linha B,2426.17,0
173,62,1.3,1219.13,175,1,2.8,0,WhatsApp,Linha A,8018.0,0
1681,88,0.9,758.18,67,1,3.3,0,App,Linha E,4667.3,1
531,13,7.4,1272.32,80,5,3.4,1,App,Linha A,9233.52,1
1221,59,0.3,755.9,5,2,10.5,0,WhatsApp,Linha B,1433.96,0
766,95,2.4,176.02,190,1,1.2,0,WhatsApp,Linha C,3746.65,0
736,69,2.7,853.24,93,4,9.4,0,WhatsApp,Linha E,13436.47,0
1512,18,1.3,375.05,79,5,3.9,2,WhatsApp,Linha D,879.88,1
1374,29,1.1,2631.13,110,1,10.4,0,WhatsApp,Linha D,5152.84,0
1375,87,2.2,282.24,114,3,3.2,0,WhatsApp,Linha C,4582.52,0
375,23,3.6,375.67,190,5,11.8,2,App,Linha B,2080.29,1
1158,46,3.4,937.51,172,3,6.0,0,Telefone,Linha C,13569.49,0
710,8,2.2,735.47,158,5,12.0,0,WhatsApp,Linha C,1394.8,1
938,84,1.2,2044.19,41,1,5.8,0,WhatsApp,Linha A,21508.84,0
1996,20,1.9,1048.12,86,2,9.4,0,Telefone,Linha C,2407.99,0
1075,4,2.7,1165.32,224,2,11.0,0,Presencial,Linha A,755.24,0
1862,88,0.7,938.36,12,1,7.8,0,Presencial,Linha E,5308.38,0
1420,40,1.0,1517.56,142,5,10.2,0,Presencial,Linha E,4502.04,0
671,56,3.4,1244.11,216,5,1.3,0,WhatsApp,Linha E,20113.93,0
33,92,0.9,1062.0,33,1,3.3,1,Telefone,Linha B,5240.14,1
239,11,2.0,1623.63,118,1,1.6,0,App,Linha A,3377.33,1
128,34,4.6,1798.95,78,1,4.4,0,WhatsApp,Linha E,16509.49,0
355,53,2.5,193.75,71,4,6.4,1,WhatsApp,Linha C,2046.15,0
165,32,1.4,662.63,86,4,10.2,0,App,Linha D,2402.03,0
1453,44,1.8,295.43,31,1,10.7,2,Telefone,Linha E,1740.86,1
493,23,2.5,835.33,239,4,5.0,0,App,Linha B,4405.52,0
473,51,0.9,798.62,168,4,2.5,0,Presencial,Linha B,2771.46,0
1913,46,4.1,577.57,174,2,2.8,0,Telefone,Linha A,10813.04,0
1364,14,1.7,1092.87,112,4,7.7,0,App,Linha D,1813.16,0
1770,79,2.7,568.69,185,5,5.7,0,WhatsApp,Linha A,8881.53,1
1287,83,0.8,1112.55,193,2,3.2,0,App,Linha A,7772.03,0
90,78,0.8,5693.92,38,4,7.9,0,App,Linha B,25217.56,0
1290,55,0.8,1159.78,187,3,6.5,0,Presencial,Linha E,5170.84,1
98,24,2.8,1246.89,179,4,5.3,0,Telefone,Linha E,5237.62,0
1067,35,5.0,921.46,185,1,5.1,1,App,Linha E,10865.68,0
1024,23,1.6,296.09,204,2,6.0,0,Telefone,Linha B,1118.79,1
1576,79,0.0,398.86,228,1,7.2,0,Presencial,Linha D,0.0,1
1365,9,0.4,2134.16,155,2,4.5,0,App,Linha A,656.95,0
450,90,2.2,441.45,162,1,12.9,3,App,Linha A,7287.83,0
551,36,2.4,1489.53,16,2,5.0,0,App,Linha A,12083.73,0
1230,33,4.4,879.14,30,3,0.6,0,WhatsApp,Linha A,10936.89,0
219,87,3.3,318.43,207,1,7.6,0,Presencial,Linha C,5720.75,0
179,84,4.8,2329.58,128,2,1.3,0,App,Linha D,56786.26,0
434,94,0.7,493.29,31,5,2.1,1,Telefone,Linha E,2164.33,0
568,13,1.7,1042.01,197,2,4.4,0,WhatsApp,Linha C,2244.15,0
1577,73,2.7,1785.64,217,4,4.3,0,App,Linha B,31465.01,0
742,30,6.0,1200.25,106,3,4.2,0,App,Linha C,17677.33,0
1277,63,1.4,874.81,200,5,4.7,0,WhatsApp,Linha D,5890.17,1
484,76,2.3,234.13,5,3,16.9,1,Presencial,Linha A,2799.45,0
1480,25,1.3,1443.66,136,2,17.8,1,WhatsApp,Linha E,2856.67,1
1571,37,2.0,1415.66,58,1,2.9,1,WhatsApp,Linha B,10405.01,1
438,52,1.5,307.13,176,4,8.2,0,WhatsApp,Linha E,2030.49,0
781,51,4.9,336.39,110,4,5.2,0,WhatsApp,Linha E,6621.45,0
549,75,0.7,1253.99,117,1,1.5,1,WhatsApp,Linha D,5914.33,0
854,16,1.4,855.84,134,3,7.4,0,WhatsApp,Linha B,1846.59,0
1086,38,3.0,438.85,179,3,6.9,0,WhatsApp,Linha C,5222.24,1
1776,26,2.0,395.61,233,5,5.8,1,WhatsApp,Linha B,1870.64,0
783,77,4.7,557.93,228,4,6.9,0,WhatsApp,Linha C,12795.05,1
1440,73,1.0,470.27,105,3,3.3,2,App,Linha B,2134.76,0
1890,46,1.7,657.93,72,2,9.6,1,WhatsApp,Linha B,4334.86,0
1908,26,3.2,1451.7,236,1,6.9,0,Telefone,Linha B,11175.89,1
1008,12,2.1,763.19,184,3,1.8,0,WhatsApp,Linha C,1201.96,1
1273,92,3.4,975.96,200,4,6.3,1,App,Linha E,30768.88,0
1437,73,4.2,1409.04,106,3,6.4,1,App,Linha E,31294.74,0
674,6,1.8,1213.97,42,1,5.6,1,WhatsApp,Linha C,1304.56,0
1907,77,1.0,614.68,129,2,3.9,0,Presencial,Linha C,2797.27,0
687,19,1.4,701.37,101,1,2.7,1,App,Linha B,1818.95,0
1336,82,1.4,539.59,69,1,0.5,0,Presencial,Linha B,4695.32,0
1677,91,7.2,1181.24,86,4,5.0,0,Telefone,Linha D,72940.13,0
818,82,0.6,1594.44,186,1,5.1,0,Telefone,Linha C,7107.14,0
753,86,2.3,549.39,75,2,2.7,1,App,Linha E,8080.06,0
122,41,1.6,1079.32,207,1,1.3,1,Telefone,Linha B,7200.71,0
700,87,1.5,1014.69,236,5,4.5,0,App,Linha E,9383.49,0
877,70,1.0,998.79,93,2,5.5,0,Presencial,Linha D,5995.71,1
1794,27,2.2,729.34,182,2,10.9,0,WhatsApp,Linha A,2888.45,1
1041,35,1.5,934.4,212,4,4.6,0,Presencial,Linha C,5231.3,1
1880,33,3.7,1416.21,14,1,12.4,0,Presencial,Linha A,10131.04,0
579,19,2.2,1091.87,31,2,8.1,0,Telefone,Linha B,4698.34,0
856,4,2.5,1498.95,57,2,1.6,0,WhatsApp,Linha B,1007.24,0
1379,18,0.3,2516.48,96,2,8.5,2,App,Linha D,1145.87,1
39,47,0.2,804.16,168,4,1.0,0,App,Linha C,813.59,1
32,42,2.3,1179.97,34,3,6.8,1,App,Linha C,7893.15,0
1390,86,1.6,1714.32,207,4,2.0,2,Telefone,Linha D,14499.3,1
107,89,0.6,410.63,214,5,5.3,0,WhatsApp,Linha C,2229.26,0
24,33,0.6,559.05,87,1,4.9,1,App,Linha B,684.01,0
711,92,0.9,617.08,30,1,5.2,1,Presencial,Linha C,4266.55,1
70,50,2.1,1787.14,46,1,11.2,1,Telefone,Linha D,12971.83,0
1783,15,1.5,275.62,78,4,2.0,0,Presencial,Linha B,417.41,0
1120,66,0.8,1026.52,220,3,3.3,0,WhatsApp,Linha D,5392.37,1
1752,65,2.4,1927.87,238,2,3.8,1,App,Linha D,30232.39,1
1128,88,3.7,813.83,49,1,4.5,1,Telefone,Linha A,21313.87,0
1903,33,3.0,702.64,43,4,7.5,0,WhatsApp,Linha D,5828.55,0
1508,82,1.7,999.09,170,2,6.1,0,App,Linha E,13310.24,0
1174,9,7.3,932.67,65,3,5.1,1,Presencial,Linha B,4055.01,0
1099,6,1.6,787.16,34,3,10.2,0,Telefone,Linha E,752.07,0
1914,15,3.6,289.51,58,4,1.5,0,Presencial,Linha D,1173.68,0
1759,47,1.6,296.56,226,1,1.7,0,Presencial,Linha E,2097.01,1
1149,20,6.8,974.95,207,5,7.9,0,App,Linha D,12277.76,0
266,50,5.7,1353.22,141,4,4.9,0,WhatsApp,Linha E,33446.78,0
1303,72,1.9,420.53,6,3,2.1,0,Telefone,Linha E,4588.89,0
1017,77,1.2,1358.02,19,5,6.6,0,WhatsApp,Linha B,12796.82,0
1135,29,1.1,212.36,105,5,2.3,0,WhatsApp,Linha B,633.37,0
1065,60,3.2,584.67,197,5,6.6,0,WhatsApp,Linha E,10883.41,0
505,16,1.3,1424.81,139,3,3.7,0,Presencial,Linha D,2512.8,0
277,48,0.7,317.3,173,2,10.7,0,WhatsApp,Linha E,785.01,1
810,14,2.3,546.06,96,1,2.5,1,Telefone,Linha B,1380.59,0
340,4,1.6,712.41,189,4,7.1,0,Presencial,Linha D,464.33,1
1500,79,0.0,1317.71,12,4,9.3,1,App,Linha D,0.0,1
946,8,1.6,368.32,8,1,6.2,0,App,Linha D,280.72,0
1518,60,8.2,287.44,79,2,6.2,0,WhatsApp,Linha A,15006.46,0
186,1,2.7,1992.65,164,1,0.9,0,WhatsApp,Linha C,530.95,1
799,65,1.2,1046.83,183,4,4.6,1,Telefone,Linha B,5355.86,1
931,17,2.3,531.25,52,5,7.1,0,WhatsApp,Linha D,2198.85,0
745,65,2.8,1551.36,45,2,3.0,0,Telefone,Linha E,28489.44,0
979,24,2.3,394.31,102,3,7.6,1,WhatsApp,Linha D,1416.03,0
1859,63,1.4,1211.15,202,2,9.3,1,WhatsApp,Linha E,6302.68,1
62,71,0.2,732.65,136,3,13.2,1,App,Linha A,904.1,0
798,12,3.1,237.69,166,4,4.6,0,Presencial,Linha C,727.2,1
1352,9,2.5,844.6,78,3,8.9,0,Telefone,Linha B,1729.09,0
1604,63,4.1,1103.06,169,2,9.4,0,WhatsApp,Linha B,21270.13,0
1795,67,0.3,514.17,214,5,11.9,0,Telefone,Linha D,964.63,1
1711,31,3.2,1112.93,223,1,5.2,0,Presencial,Linha A,11462.7,0
194,9,4.0,1422.98,185,5,3.1,0,Telefone,Linha C,3746.62,1
647,54,0.5,1265.17,19,1,8.0,0,WhatsApp,Linha E,2557.77,0
34,60,6.9,1844.48,92,2,18.3,1,WhatsApp,Linha D,67595.14,0
1492,71,5.9,1147.18,16,3,6.1,0,Telefone,Linha B,32507.49,0
801,5,1.0,1220.66,74,4,4.9,0,App,Linha D,643.09,0
58,2,3.5,1519.87,218,3,2.8,0,WhatsApp,Linha C,760.55,1
939,25,3.0,864.04,121,2,3.5,0,WhatsApp,Linha C,4987.79,0
1341,20,2.9,860.53,19,3,14.0,1,App,Linha B,2939.85,1
359,85,1.2,2448.86,98,3,2.4,0,App,Linha C,24157.74,0
1070,5,1.4,510.5,152,1,6.9,1,Presencial,Linha C,325.41,1
1765,7,4.9,805.23,84,1,5.5,0,App,Linha E,2864.15,0
69,36,2.1,998.42,220,1,1.8,0,WhatsApp,Linha B,7508.34,1
292,75,0.9,2275.02,220,3,12.0,1,Telefone,Linha E,11885.06,1
47,21,2.9,1026.43,41,1,10.4,0,Presencial,Linha A,5749.06,0
924,15,0.6,1318.98,172,4,9.0,1,WhatsApp,Linha E,916.46,0
278,12,3.6,616.15,146,2,1.8,0,App,Linha D,2585.4,0
1836,50,1.8,198.62,49,5,8.8,2,App,Linha C,1763.64,0
225,90,2.3,888.47,238,5,10.6,0,App,Linha A,18789.24,0
865,50,5.2,823.16,79,5,1.5,1,WhatsApp,Linha A,20299.49,0
382,9,1.6,200.64,56,3,2.4,1,Presencial,Linha C,219.18,1
1446,61,2.9,1523.68,191,5,2.6,0,WhatsApp,Linha B,22721.08,0
365,25,1.5,1672.53,185,4,3.5,0,WhatsApp,Linha A,5227.82,1
1906,33,2.2,994.96,3,3,2.4,1,App,Linha E,6900.42,1
1025,10,2.8,573.22,142,5,6.9,0,App,Linha B,1326.62,1
774,74,1.8,1159.26,211,5,7.5,1,App,Linha E,9829.95,0
1326,74,1.2,1450.68,209,4,4.9,0,Telefone,Linha D,10082.73,1
67,78,0.8,2089.34,43,1,9.1,0,Presencial,Linha D,12346.34,0
1204,57,2.3,1163.19,58,3,7.0,0,Presencial,Linha A,11277.17,0
1056,40,5.8,1085.79,114,2,7.5,0,App,Linha A,21260.22,0
868,19,4.1,1371.58,87,5,15.7,2,App,Linha A,9588.78,0
29,49,4.2,1720.86,204,1,3.9,0,App,Linha C,30229.87,0
295,38,2.3,1095.0,110,2,2.8,1,App,Linha C,5815.82,0
114,63,1.0,601.54,72,4,4.5,0,App,Linha A,2561.13,1
246,3,0.7,713.28,216,4,7.8,1,WhatsApp,Linha A,117.23,1
1023,5,3.2,383.85,105,4,6.1,1,Telefone,Linha A,407.58,0
1186,90,1.5,1498.44,125,1,7.5,1,Presencial,Linha A,18662.26,0
981,6,4.6,202.61,219,2,16.1,1,Telefone,Linha D,578.59,1
412,51,1.7,1319.72,213,4,7.4,0,Telefone,Linha A,9713.97,0
1557,30,2.7,646.02,163,3,2.0,0,App,Linha A,4848.94,0
1430,56,1.1,421.56,87,4,10.4,0,App,Linha C,1747.89,0
117,8,0.6,768.73,137,1,3.7,0,App,Linha C,322.05,1
1851,78,6.1,637.34,212,5,5.8,0,Presencial,Linha A,29608.76,0
1606,74,1.0,1521.11,155,4,6.0,0,WhatsApp,Linha D,9280.43,0
248,59,3.1,577.85,81,1,5.5,1,App,Linha A,10601.34,0
666,77,1.4,1536.75,82,2,1.1,0,App,Linha B,15042.69,0
1896,92,1.6,1615.21,147,4,7.7,1,App,Linha B,18607.58,1
1622,50,5.3,2584.66,24,4,8.8,0,WhatsApp,Linha E,62552.44,1
93,40,2.7,921.14,239,4,6.1,1,App,Linha A,7652.25,0
115,11,3.7,595.88,173,4,9.8,1,Presencial,Linha A,2521.79,0
255,71,3.5,194.44,83,5,3.0,0,App,Linha B,3601.01,0
430,60,1.6,1488.12,224,5,4.4,0,Telefone,Linha B,14474.47,1
589,95,3.1,1664.41,157,5,5.4,0,WhatsApp,Linha D,44316.65,0
1983,7,1.6,2155.51,3,2,10.7,0,Telefone,Linha A,1533.03,0
1693,53,1.8,1972.02,178,1,7.5,1,App,Linha D,12366.82,0
119,35,1.7,519.63,193,2,12.8,0,WhatsApp,Linha D,2662.01,1
133,88,3.4,1993.63,55,5,2.3,0,Presencial,Linha D,35707.03,0
1433,20,0.5,543.03,223,1,8.5,1,WhatsApp,Linha C,467.14,0
1869,21,3.0,599.66,83,1,5.4,0,Presencial,Linha B,3233.56,0
247,20,1.5,776.15,93,1,5.5,1,Telefone,Linha B,1389.26,0
1308,8,1.5,315.97,28,5,10.5,1,Presencial,Linha A,337.05,0
776,17,3.9,1826.95,129,4,5.7,0,App,Linha A,8726.64,1
553,21,0.8,297.2,9,2,6.8,0,WhatsApp,Linha A,389.88,1
1114,57,1.6,1674.08,56,5,7.2,1,App,Linha C,11246.33,0
1217,34,2.0,757.44,198,3,7.1,2,App,Linha A,4166.04,1
1358,74,0.5,1159.9,239,2,5.7,1,WhatsApp,Linha A,2551.96,0
1970,22,1.5,740.0,104,2,2.0,1,Presencial,Linha E,2305.66,0
1455,94,2.1,951.02,192,3,1.2,0,Presencial,Linha E,20072.47,1
1359,30,0.8,732.61,13,1,4.8,0,App,Linha E,1215.41,0
652,19,0.3,363.58,141,3,5.9,1,Presencial,Linha C,148.45,1
1171,72,1.5,460.81,207,5,0.8,0,WhatsApp,Linha D,2959.87,1
1143,36,1.4,2965.48,19,5,1.8,0,WhatsApp,Linha E,11220.73,0
1408,46,2.9,688.0,135,4,5.9,0,Presencial,Linha A,6547.9,1
1923,73,3.1,626.34,185,5,11.5,2,Presencial,Linha C,10970.4,1
534,46,3.5,885.85,25,3,6.8,0,Telefone,Linha E,8698.18,0
863,93,0.7,1538.87,159,2,6.2,2,Telefone,Linha C,9868.68,1
1369,73,2.1,769.39,207,1,10.1,1,Presencial,Linha E,7634.44,1
1716,93,0.4,521.85,192,4,3.2,2,App,Linha E,1474.88,0
898,81,3.2,961.75,85,1,8.5,0,App,Linha E,14973.24,0
1909,22,0.6,635.73,183,5,5.4,0,Telefone,Linha E,835.52,1
1932,62,0.7,1561.4,186,2,2.4,0,WhatsApp,Linha E,6533.47,1
677,45,2.2,518.58,116,1,11.1,0,Telefone,Linha B,5296.89,1
15,53,0.6,979.96,23,1,2.8,1,App,Linha A,3199.68,0
501,58,0.4,558.22,67,1,2.9,0,Presencial,Linha C,988.39,0
1627,3,1.8,785.69,109,5,2.3,0,WhatsApp,Linha B,313.16,0
1107,29,3.9,813.58,191,2,6.1,0,App,Linha B,7351.41,0
1674,56,1.5,1229.66,37,5,4.4,0,App,Linha C,8846.86,0
1427,24,1.0,1177.45,191,4,3.7,0,App,Linha C,2025.01,1
601,57,2.9,671.86,56,3,7.8,0,Telefone,Linha A,9357.63,0
876,21,0.2,1088.18,186,3,1.2,0,Telefone,Linha C,419.23,0
274,60,3.1,865.8,62,5,3.4,0,WhatsApp,Linha B,11491.12,0
685,75,3.4,279.26,104,2,3.5,0,WhatsApp,Linha B,6281.94,0
1490,10,0.2,1413.69,76,5,3.0,1,WhatsApp,Linha D,240.27,0
1134,5,0.5,1116.9,135,3,15.0,1,WhatsApp,Linha E,242.27,1
372,32,1.7,962.2,17,5,2.0,1,App,Linha A,4920.29,0
272,16,0.9,746.89,86,5,12.8,0,WhatsApp,Linha E,1076.73,0
606,39,2.2,1893.1,17,1,6.5,1,Presencial,Linha C,11528.07,0
1254,51,2.5,924.96,109,5,4.3,0,App,Linha D,8484.22,0
215,2,3.3,1148.94,111,5,8.5,1,App,Linha C,787.8,0
1750,17,1.5,1371.12,220,4,0.7,1,Telefone,Linha B,2840.1,0
345,44,0.9,2868.89,216,5,12.5,0,App,Linha E,9321.88,1
839,84,2.4,884.01,91,2,2.2,0,App,Linha E,12244.59,0
148,9,2.6,227.63,36,5,6.4,1,WhatsApp,Linha D,491.77,0
1022,10,0.5,783.57,135,4,2.1,0,App,Linha C,326.66,1
1506,87,0.6,866.78,165,4,6.6,1,Presencial,Linha A,4193.84,0
413,25,0.3,1157.85,181,4,14.6,0,Presencial,Linha C,766.28,1
1224,24,1.4,552.72,175,1,7.8,1,WhatsApp,Linha A,1688.62,0
784,4,1.4,288.38,194,1,5.8,2,App,Linha B,159.85,1
343,49,1.3,577.6,10,2,6.0,1,Telefone,Linha D,2315.56,0
948,83,0.1,930.99,18,2,4.9,0,Telefone,Linha C,500.57,0
748,11,7.1,1291.93,110,3,1.0,1,Telefone,Linha B,8621.63,1
174,57,0.6,2388.06,207,3,0.7,0,WhatsApp,Linha B,7561.33,0
378,2,0.5,273.97,97,5,7.7,0,WhatsApp,Linha B,26.12,0
739,66,2.6,1185.63,85,5,2.7,2,Telefone,Linha A,14851.68,0
1330,85,4.3,418.48,158,2,11.2,1,WhatsApp,Linha B,14924.02,1
1428,22,1.8,807.82,174,4,10.1,1,App,Linha A,2467.1,1
53,60,3.8,690.86,128,2,12.1,0,WhatsApp,Linha D,15906.53,0
19,38,1.0,1107.95,55,1,7.6,1,App,Linha A,3385.45,1
1310,35,3.0,1950.67,220,1,2.2,0,Presencial,Linha E,18244.15,0
222,2,0.8,1503.49,26,4,3.9,0,WhatsApp,Linha A,165.77,0
1401,10,7.0,695.73,82,1,8.2,0,WhatsApp,Linha C,2964.98,0
1511,39,1.2,1262.8,192,3,4.0,0,Presencial,Linha A,4735.23,0
1915,44,2.3,1859.88,223,2,17.1,1,WhatsApp,Linha C,17100.87,1
1141,27,0.5,2231.15,47,4,10.9,0,Telefone,Linha D,2016.16,0
96,82,0.4,1160.74,6,5,2.4,0,WhatsApp,Linha D,3853.51,0
262,11,2.0,204.15,198,2,1.2,1,App,Linha B,447.82,1
1598,52,3.7,905.84,40,4,9.3,1,Telefone,Linha D,18513.9,1
1601,72,2.2,805.83,120,2,2.5,0,App,Linha B,12428.23,0
180,30,0.2,789.72,92,1,8.2,0,Telefone,Linha A,382.59,1
1127,47,3.2,379.33,224,5,2.3,0,Telefone,Linha B,5689.66,1
717,50,2.4,1584.39,177,4,5.6,0,Presencial,Linha D,14383.56,0
1888,17,3.6,2404.3,117,3,6.5,1,WhatsApp,Linha A,13098.58,0
185,62,3.0,1767.72,169,5,2.0,0,Telefone,Linha D,33277.85,0
468,93,0.2,1071.0,63,5,3.9,1,App,Linha B,1599.08,0
904,79,2.0,1375.94,57,1,6.1,0,App,Linha C,14602.75,0
72,2,4.0,1142.03,48,2,10.5,0,WhatsApp,Linha E,764.32,0
1170,37,0.8,1236.13,112,2,3.8,1,Telefone,Linha D,2384.61,1
1445,89,1.5,1449.01,143,5,4.9,0,Presencial,Linha D,16598.25,0
347,30,2.6,506.5,189,1,2.1,0,App,Linha B,3200.34,1
1399,53,1.5,1641.04,117,1,2.9,0,WhatsApp,Linha A,7746.95,0
1208,63,1.3,592.85,122,5,4.0,0,Telefone,Linha A,4252.86,1
30,91,0.6,979.99,27,4,3.3,0,Telefone,Linha E,3980.97,0
797,50,2.3,1739.97,178,1,12.2,1,Presencial,Linha B,19670.01,1
1064,14,2.5,692.64,195,5,2.3,0,WhatsApp,Linha B,2146.37,1
158,94,2.5,2046.56,8,5,4.7,1,Presencial,Linha A,31669.0,0
933,90,2.1,1199.12,189,5,10.0,1,App,Linha D,19509.35,0
659,20,5.9,913.79,179,3,5.0,0,App,Linha C,10879.05,0
1830,93,1.0,1230.11,190,4,16.0,0,WhatsApp,Linha D,11759.74,0
395,57,0.6,832.08,202,3,4.5,1,App,Linha A,3034.93,1
1077,42,1.6,1213.54,229,4,5.0,0,App,Linha D,7474.08,1
989,94,1.0,682.62,218,4,5.0,0,WhatsApp,Linha C,6221.64,1
1589,56,2.7,1581.43,23,2,1.3,1,WhatsApp,Linha D,22498.91,0
1384,34,2.9,837.2,154,3,4.7,1,Telefone,Linha D,8303.72,1
1452,3,1.9,1266.02,113,5,3.6,0,WhatsApp,Linha B,672.54,0
403,76,2.0,1044.01,181,2,7.9,0,WhatsApp,Linha E,14320.8,0
990,51,0.9,608.59,226,4,10.9,1,Presencial,Linha C,2998.33,0
678,32,1.2,1070.46,4,5,5.4,0,Telefone,Linha C,2914.94,1
1309,34,2.9,600.08,211,2,0.6,0,App,Linha A,4094.14,1
1252,94,1.1,1039.03,192,5,7.3,0,Presencial,Linha E,7326.54,1
1378,70,1.9,1296.39,20,2,0.5,0,App,Linha A,14217.6,0
823,63,2.9,1413.9,64,1,7.5,0,App,Linha C,25559.63,0
964,70,5.4,1188.2,24,1,3.2,0,Telefone,Linha E,44664.53,0
836,17,3.0,1071.42,70,1,10.8,1,WhatsApp,Linha D,3418.38,0
1034,73,3.8,1644.15,69,4,6.2,1,WhatsApp,Linha C,37465.72,0
1793,75,0.2,1371.48,47,1,4.8,1,WhatsApp,Linha E,1573.83,0
940,68,2.3,2114.97,108,4,2.8,0,WhatsApp,Linha D,28364.86,0
1055,1,1.1,1094.63,74,3,9.8,0,WhatsApp,Linha E,114.78,0
1102,51,1.3,705.41,3,2,5.5,0,App,Linha A,3442.26,0
692,49,2.8,1438.69,13,5,8.3,1,Presencial,Linha E,14448.12,0
1988,31,1.9,963.53,220,1,5.0,0,App,Linha B,5164.46,1
335,64,0.7,784.81,32,3,4.6,0,WhatsApp,Linha E,3689.6,0
874,61,0.7,1496.43,107,2,1.4,2,WhatsApp,Linha D,5394.7,0
806,47,0.1,805.69,211,4,10.2,1,App,Linha A,339.43,1
8,87,1.1,1108.78,212,2,7.1,0,WhatsApp,Linha C,8499.14,0
518,33,1.0,1165.97,117,3,6.2,0,App,Linha B,3871.36,0
198,44,2.5,1893.76,86,3,0.3,0,Telefone,Linha D,17923.26,0
297,89,0.2,1323.41,4,2,4.1,0,App,Linha D,2359.06,0
1417,29,2.2,1534.62,130,5,4.4,0,Telefone,Linha E,7325.7,0
1666,77,0.6,1294.36,65,4,14.7,1,WhatsApp,Linha C,6156.8,0
1775,87,3.8,2185.78,138,2,1.1,1,App,Linha D,63727.07,0
1675,40,5.2,2047.44,64,5,5.3,2,App,Linha B,26543.89,0
123,28,0.4,1310.32,32,4,3.2,1,Presencial,Linha A,1132.14,0
379,90,1.7,991.18,106,2,2.1,1,Presencial,Linha A,10914.62,0
1063,11,4.0,2904.61,228,3,15.1,0,App,Linha B,7534.6,0
1743,20,3.1,849.69,71,2,5.1,3,Telefone,Linha B,5526.19,0
1472,8,1.0,805.82,157,4,13.1,0,WhatsApp,Linha C,639.49,1
163,36,0.8,1037.33,7,5,8.5,0,WhatsApp,Linha B,2233.99,0
1187,36,1.8,2413.23,201,3,4.3,0,App,Linha E,11700.02,0
1092,66,1.2,390.83,193,1,3.3,0,WhatsApp,Linha A,2523.27,0
125,73,3.7,89.28,43,3,2.7,0,App,Linha E,1944.58,0
552,89,2.7,3569.95,142,3,1.1,1,Telefone,Linha B,61229.98,0
5,61,0.6,1000.53,140,2,2.7,0,WhatsApp,Linha A,2897.41,0
916,14,2.0,623.39,172,1,11.7,0,Telefone,Linha A,1417.5,0
959,33,5.5,776.26,225,3,2.4,0,App,Linha E,10180.54,1
1701,45,4.5,969.53,232,1,1.7,0,Presencial,Linha E,13425.45,0
1791,84,0.9,896.44,143,5,6.2,0,WhatsApp,Linha B,4639.46,0
612,93,2.5,1229.31,224,2,4.5,2,WhatsApp,Linha E,24824.47,0
288,24,2.2,1054.72,103,1,8.2,0,App,Linha A,4888.99,0
957,59,2.2,1293.64,126,2,1.1,0,Telefone,Linha A,16750.91,0
1990,61,2.4,1512.29,170,3,7.5,2,App,Linha B,17351.96,1
1488,47,0.7,975.74,10,4,7.5,1,Telefone,Linha D,2984.2,0
1507,93,4.6,797.93,193,4,5.9,1,Telefone,Linha D,28793.03,0
909,90,4.1,1373.81,172,1,5.9,0,Telefone,Linha C,46188.21,0
507,80,0.9,986.31,35,2,7.6,0,WhatsApp,Linha C,4356.45,0
357,60,2.2,1127.82,144,4,3.2,0,WhatsApp,Linha B,10890.33,0
1424,39,3.7,1073.99,49,5,4.3,0,WhatsApp,Linha E,10349.34,0
1342,11,4.3,2729.67,236,3,6.6,0,App,Linha A,11616.04,0
353,93,0.6,300.49,33,3,11.8,0,Telefone,Linha C,1333.61,0
845,66,3.0,547.49,7,2,5.8,0,Presencial,Linha D,11202.45,0
1155,23,2.7,412.65,87,4,2.7,1,App,Linha B,2358.27,0
837,74,4.1,1702.56,5,3,9.9,0,WhatsApp,Linha B,50530.09,0
947,40,4.6,597.2,97,4,7.4,0,App,Linha A,8140.38,0
668,62,3.2,666.04,71,5,2.9,1,Telefone,Linha A,8727.86,0
887,45,2.8,616.97,10,1,6.8,1,App,Linha B,6146.54,0
1285,10,2.4,2811.34,91,1,8.3,0,WhatsApp,Linha D,6795.37,1
1665,69,6.0,251.72,217,4,5.6,2,App,Linha D,8686.43,1
334,28,1.1,422.27,207,4,9.8,0,App,Linha D,824.85,0
154,51,2.2,744.81,196,2,9.7,0,Presencial,Linha C,5823.22,1
1421,11,1.1,649.8,148,4,10.3,0,WhatsApp,Linha E,726.1,1
788,34,1.4,1025.83,20,1,9.5,0,App,Linha D,4235.54,0
502,1,4.3,999.1,194,1,2.3,1,WhatsApp,Linha A,286.41,1
722,27,0.6,454.62,97,1,4.3,1,Presencial,Linha C,716.23,0
374,86,2.4,1666.09,13,5,0.8,1,App,Linha E,24500.56,0
591,83,1.6,661.53,5,2,8.0,0,WhatsApp,Linha C,6366.39,1
313,48,2.7,1265.87,227,2,3.8,0,Presencial,Linha A,11418.44,0
43,64,1.2,755.51,159,1,4.0,1,Telefone,Linha E,3880.6,0
1546,32,3.1,589.59,38,5,10.6,0,Telefone,Linha A,3606.12,0
646,61,1.3,903.64,51,4,4.2,3,App,Linha C,5193.54,0
1827,46,3.4,843.05,193,4,4.4,0,Telefone,Linha E,13196.16,0
972,24,4.9,906.2,22,3,3.6,0,App,Linha A,6592.65,0
1741,22,0.2,1268.96,109,4,1.6,0,Telefone,Linha C,456.55,1
523,67,4.5,2673.46,226,5,4.3,0,App,Linha C,70119.99,0
1616,87,2.2,852.08,212,2,3.9,0,WhatsApp,Linha B,10264.63,0
763,92,7.4,536.67,75,1,5.3,0,Presencial,Linha E,32543.81,0
1688,48,1.5,1519.94,199,1,1.7,0,App,Linha D,7396.04,1
1841,44,2.0,872.58,70,2,18.3,0,Telefone,Linha C,8086.39,0
1919,67,4.7,836.23,39,5,3.2,0,WhatsApp,Linha A,16720.28,0
705,16,2.9,1194.73,172,4,4.9,0,Telefone,Linha B,5256.46,1
1662,48,2.8,1854.57,237,5,3.8,0,App,Linha E,24524.41,1
1784,29,1.3,1213.11,22,4,9.2,0,WhatsApp,Linha B,2785.47,0
1656,48,3.8,386.46,190,5,7.4,0,App,Linha E,5868.55,1
1565,45,1.9,596.47,187,4,10.5,0,Presencial,Linha E,4213.0,1
945,34,0.7,1144.83,160,2,2.5,0,WhatsApp,Linha B,2584.95,1
169,28,1.2,1392.1,12,3,6.5,0,App,Linha D,3506.76,1
1738,94,2.4,1668.51,205,1,4.0,0,WhatsApp,Linha E,31118.09,0
361,87,2.8,1304.33,151,2,5.2,1,WhatsApp,Linha A,32115.58,1
1019,33,4.5,451.48,23,5,7.4,0,Presencial,Linha A,7138.71,0
1470,88,1.9,1153.68,129,3,5.3,0,Presencial,Linha B,17540.23,0
1977,35,1.7,529.5,228,2,1.3,1,Presencial,Linha E,2602.67,0
744,33,1.0,446.77,160,1,5.0,0,WhatsApp,Linha D,1192.35,0
273,90,3.5,3062.92,98,5,6.6,0,WhatsApp,Linha C,76409.23,0
1494,23,0.7,767.48,75,5,8.2,2,WhatsApp,Linha D,1019.09,1
520,51,0.9,669.46,192,1,6.0,0,App,Linha B,1801.33,0
815,64,1.1,1057.43,164,1,5.5,0,App,Linha E,6375.69,0
819,30,1.9,218.44,164,5,3.1,0,App,Linha A,1092.76,0
1402,45,2.2,711.46,151,1,2.4,0,WhatsApp,Linha B,7614.58,1
735,82,1.8,1093.75,32,5,0.7,0,App,Linha B,11985.15,0
1876,32,1.1,950.23,183,2,4.1,0,WhatsApp,Linha C,2219.61,1
1745,91,1.5,439.86,102,3,7.6,0,App,Linha A,5983.27,0
1551,93,9.7,1555.21,220,4,4.2,0,App,Linha D,141397.88,0
1979,93,1.4,523.58,73,4,4.4,0,WhatsApp,Linha B,6446.39,0
1874,95,1.3,240.92,103,4,6.6,0,WhatsApp,Linha B,3102.26,0
1122,5,0.5,398.32,30,5,8.3,0,Presencial,Linha A,76.01,0
129,33,1.6,1840.81,54,1,3.8,1,WhatsApp,Linha E,8116.07,0
999,45,7.1,466.21,158,2,5.3,1,App,Linha B,11674.33,0
1774,58,0.8,1448.54,171,2,7.6,1,App,Linha E,6600.08,0
545,34,1.8,2065.92,149,4,5.5,1,Presencial,Linha A,8430.09,0
380,17,0.8,2263.61,96,2,9.2,0,Presencial,Linha B,3064.83,1
204,52,1.2,1169.73,89,3,9.7,2,App,Linha B,6685.5,0
344,17,3.8,900.75,123,3,3.1,1,App,Linha C,4005.77,1
1704,23,1.1,816.69,192,4,0.8,0,Telefone,Linha C,1629.81,0
1852,71,3.5,1086.25,24,5,2.3,0,Presencial,Linha B,18479.07,0
519,61,3.3,656.69,200,2,7.7,0,Telefone,Linha A,13614.77,0
1766,29,1.9,1556.05,29,4,7.1,1,WhatsApp,Linha D,8419.29,0
489,85,0.9,411.98,70,1,5.6,1,App,Linha C,3015.85,1
1262,45,2.0,1420.26,126,4,4.6,0,App,Linha E,12550.54,0
1968,18,1.2,398.49,16,1,7.2,0,App,Linha B,922.5,0
1425,54,1.0,739.42,136,5,6.0,0,App,Linha B,2638.14,0
918,56,3.2,569.73,150,3,5.6,0,Telefone,Linha B,9650.05,0
233,17,2.6,949.91,205,1,6.5,0,Telefone,Linha B,2973.85,1
795,54,3.5,2388.35,32,5,6.0,0,Telefone,Linha B,29335.03,0
1467,12,0.9,921.32,46,3,2.4,1,Telefone,Linha E,1052.31,0
1882,8,1.8,519.52,55,5,7.9,0,Presencial,Linha A,721.09,0
1123,74,1.7,1655.02,128,4,4.7,0,App,Linha A,17475.0,0
515,50,5.4,508.85,227,4,4.4,1,App,Linha A,14651.64,1
1980,54,2.8,1071.57,197,5,7.7,0,Presencial,Linha E,12747.06,1
512,84,0.7,1095.1,183,4,8.3,1,Telefone,Linha D,4130.08,0
113,88,4.5,228.22,36,5,5.1,0,App,Linha E,5586.16,0
1912,90,0.7,1820.83,85,2,4.8,1,App,Linha A,6716.28,0
218,54,1.6,788.35,52,5,4.5,0,App,Linha B,5744.55,0
1385,17,1.2,429.52,58,3,6.8,1,WhatsApp,Linha C,548.44,0
500,19,2.5,911.68,166,2,8.2,0,App,Linha C,3500.59,0
1959,8,1.4,486.52,4,3,9.6,1,App,Linha D,379.09,0
935,25,4.5,767.47,105,5,4.0,0,WhatsApp,Linha A,7255.0,1
226,32,0.7,1851.67,90,4,2.2,0,Presencial,Linha B,4116.11,0
1043,95,1.2,1514.37,6,5,4.0,1,Telefone,Linha B,15269.85,0
1193,54,0.4,512.88,228,5,8.2,0,WhatsApp,Linha E,663.95,0
1703,31,1.7,174.86,68,4,4.2,0,WhatsApp,Linha D,776.81,1
1317,37,1.0,2667.53,219,5,10.2,0,App,Linha C,6949.75,0
1847,46,3.3,507.27,234,2,1.0,0,Telefone,Linha B,6345.82,1
1560,5,3.7,535.49,116,1,5.6,0,App,Linha D,614.1,0
398,20,3.6,1001.55,208,5,4.2,2,Presencial,Linha A,4951.14,0
541,93,4.4,788.9,117,5,12.5,1,App,Linha B,24664.34,0
329,8,4.7,1477.44,206,2,15.7,1,WhatsApp,Linha A,3873.22,1
796,3,1.6,361.67,186,5,11.8,0,WhatsApp,Linha B,116.49,0
849,23,1.9,1095.22,115,3,2.4,0,App,Linha E,4977.18,0
1760,29,2.1,2392.13,52,1,9.8,0,Telefone,Linha D,15282.17,0
1929,72,0.8,796.44,14,4,3.6,1,WhatsApp,Linha B,4853.67,0
1587,70,4.0,1398.29,237,3,3.4,0,Telefone,Linha B,38181.66,1
94,85,1.4,917.19,231,2,1.5,3,WhatsApp,Linha E,10678.5,1
214,59,1.1,1396.78,101,4,5.3,0,App,Linha B,7429.29,0
771,53,0.3,774.79,92,4,8.8,1,App,Linha D,1112.19,0
338,48,0.3,1608.97,193,1,8.2,0,Telefone,Linha E,1964.54,1
1450,39,0.4,1639.02,104,4,1.6,1,App,Linha D,1866.5,1
804,57,1.5,369.79,22,2,9.4,0,WhatsApp,Linha D,1930.88,0
213,81,1.8,1439.7,7,5,9.2,2,App,Linha B,18611.82,0
619,17,4.3,1097.76,208,1,2.9,0,Telefone,Linha D,8309.84,0
1140,2,4.8,632.47,172,5,6.8,0,WhatsApp,Linha B,556.55,0
1183,1,1.3,1331.37,11,1,0.2,0,Presencial,Linha B,136.67,0
1169,5,1.4,1514.26,51,3,7.9,0,WhatsApp,Linha A,974.85,1
1137,68,3.9,2247.78,16,5,7.1,1,WhatsApp,Linha D,62908.44,0
37,62,2.7,1367.0,178,2,1.7,0,App,Linha E,22180.48,0
106,65,3.4,671.52,187,3,9.2,0,WhatsApp,Linha C,14292.51,0
363,67,3.5,376.83,114,5,10.4,0,Telefone,Linha A,8649.53,0
851,80,5.5,505.17,165,4,4.8,0,WhatsApp,Linha E,20495.4,0
757,77,4.8,2267.02,11,1,3.6,2,App,Linha C,57254.77,0
759,1,5.5,293.26,163,1,7.1,0,App,Linha E,168.46,0
366,95,1.1,1298.04,179,2,4.4,2,WhatsApp,Linha A,8231.38,1
857,4,2.2,392.96,92,3,7.9,0,WhatsApp,Linha B,264.34,0
1466,47,3.3,571.0,206,5,5.4,0,WhatsApp,Linha D,6535.42,1
1949,82,2.2,1280.68,157,1,14.0,0,Telefone,Linha D,14531.64,0
1995,92,2.4,1062.09,99,5,10.0,0,App,Linha E,19039.59,0
566,12,1.1,1658.66,122,2,11.9,1,Presencial,Linha A,1614.95,0
1376,37,0.9,1132.89,51,5,8.3,0,Presencial,Linha A,3125.38,0
1975,28,0.3,924.74,27,1,13.7,0,Presencial,Linha D,722.29,0
250,19,4.2,966.4,199,5,6.0,1,Presencial,Linha C,7096.98,1
477,78,1.8,490.71,65,5,8.9,0,App,Linha D,7395.67,0
1475,81,1.9,456.25,97,1,1.3,1,App,Linha C,7514.49,1
1431,33,1.0,957.92,160,4,3.8,1,App,Linha A,2684.44,0
1898,33,0.3,1023.17,58,1,7.4,0,Telefone,Linha A,1061.98,0
1189,87,3.4,1762.15,78,5,2.2,0,WhatsApp,Linha D,43613.9,0
782,45,2.0,1535.18,162,2,6.3,0,App,Linha E,13180.33,1
455,1,4.9,1470.66,203,4,1.4,0,App,Linha E,547.97,0
1805,6,1.3,2460.57,183,4,4.3,2,WhatsApp,Linha C,1507.44,1
1201,9,0.7,984.78,111,5,5.1,0,Presencial,Linha D,427.44,1
1108,33,1.8,543.79,148,3,12.0,0,App,Linha C,3150.99,0
231,75,7.4,856.65,2,1,13.8,1,App,Linha E,50802.69,0
1320,14,1.4,1835.69,198,3,3.4,0,Telefone,Linha E,2716.5,1
653,39,5.7,869.27,190,3,5.8,0,WhatsApp,Linha C,20364.88,0
71,4,0.7,656.71,236,1,9.5,0,Telefone,Linha C,169.35,0
611,87,5.3,1687.51,173,4,9.3,0,App,Linha B,63275.05,0
1175,51,0.4,372.85,88,3,3.9,0,App,Linha A,509.37,0
1924,95,0.5,1013.89,157,5,4.7,1,App,Linha E,4574.72,0
1860,86,3.2,1518.48,186,5,4.8,0,WhatsApp,Linha A,35331.27,0
1944,3,3.8,980.53,63,5,1.0,0,App,Linha B,864.7,0
411,86,2.7,1057.63,104,5,1.7,0,App,Linha A,19786.52,0
1839,93,1.8,959.53,10,5,2.5,1,WhatsApp,Linha B,16263.83,0
1152,38,0.9,1750.01,196,1,1.7,0,WhatsApp,Linha A,4246.83,0
339,19,3.5,1170.65,106,4,12.9,0,Telefone,Linha A,5895.19,0
1026,44,6.8,1915.28,46,2,17.1,1,Telefone,Linha C,61179.63,0
44,3,1.8,1041.18,38,2,5.7,0,Telefone,Linha B,379.05,1
540,8,1.4,948.6,38,2,5.9,0,Presencial,Linha A,714.35,0
602,39,6.8,1753.41,17,5,6.1,0,WhatsApp,Linha B,43948.36,0
1333,36,1.6,676.52,217,1,6.5,1,WhatsApp,Linha A,3156.88,0
1610,3,1.2,1319.32,186,1,7.3,0,WhatsApp,Linha E,405.22,1
966,94,6.9,1841.7,95,4,14.1,0,Telefone,Linha D,94837.43,0
1789,47,1.7,317.35,116,1,5.4,0,App,Linha B,2194.22,0
1435,81,1.9,583.52,16,3,3.1,0,App,Linha B,7886.4,0
172,45,1.0,397.08,174,1,10.2,0,App,Linha E,1375.61,1
418,58,0.5,1347.15,177,5,12.9,0,App,Linha C,4108.61,1
838,17,1.8,597.42,115,2,1.3,1,WhatsApp,Linha A,1163.36,0
1879,89,3.8,414.45,45,5,4.5,0,WhatsApp,Linha B,11987.57,0
1663,77,0.5,1509.81,210,4,8.7,1,Telefone,Linha D,4120.25,1
807,23,0.8,431.75,209,4,0.5,0,WhatsApp,Linha B,829.9,1
883,34,3.4,718.48,10,4,2.8,0,WhatsApp,Linha C,6681.56,0
1485,59,4.3,548.61,187,5,3.3,0,WhatsApp,Linha E,11648.6,0
1864,11,2.0,549.56,116,2,12.5,0,Telefone,Linha A,851.18,1
638,71,1.5,1031.94,227,2,2.5,0,WhatsApp,Linha A,8422.63,0
424,70,0.5,1677.29,37,2,3.6,1,Presencial,Linha C,6174.52,0
728,77,1.1,1243.73,212,5,9.9,0,App,Linha D,9531.15,0
968,62,4.7,2408.82,209,5,3.3,2,Presencial,Linha B,55316.06,0
1340,69,0.6,440.55,113,4,0.1,1,WhatsApp,Linha C,1296.23,0
377,27,0.4,1368.17,84,4,6.3,1,WhatsApp,Linha D,1233.66,0
525,33,4.5,196.61,18,3,3.7,0,WhatsApp,Linha B,2787.32,0
1865,64,1.0,692.44,178,3,2.7,0,WhatsApp,Linha D,4260.27,1
439,16,3.0,384.63,6,3,3.0,1,WhatsApp,Linha D,1379.52,0
1809,3,0.3,1030.66,157,2,12.6,0,WhatsApp,Linha B,69.55,1
151,90,1.3,1963.91,18,2,7.2,1,Presencial,Linha B,17577.95,0
2000,49,3.6,1707.87,118,3,2.6,0,WhatsApp,Linha E,18794.22,1
1581,68,2.8,684.48,66,2,0.9,0,Presencial,Linha B,13646.98,0
1811,58,2.3,362.08,124,2,5.2,1,App,Linha A,3259.37,0
982,66,1.2,283.29,113,5,1.6,0,App,Linha E,1431.42,0
955,59,1.1,989.16,127,4,1.8,1,WhatsApp,Linha A,4257.45,0
1877,11,1.2,1264.25,167,2,10.3,0,WhatsApp,Linha C,1665.42,1
1434,83,4.0,2148.3,101,2,2.7,1,App,Linha B,43347.34,0
144,5,2.6,1702.74,52,4,4.4,0,App,Linha B,2275.76,0
718,28,3.9,1013.69,114,1,14.7,1,Presencial,Linha E,8477.3,0
527,74,2.3,789.04,196,4,2.5,0,Telefone,Linha C,12604.93,0
1854,84,2.5,482.87,55,1,8.2,1,WhatsApp,Linha E,10772.27,0
584,76,1.2,1031.77,133,3,4.3,0,App,Linha C,9170.73,0
976,31,3.9,1121.52,153,2,8.3,3,App,Linha C,9154.15,1
567,55,1.4,1378.9,115,1,1.9,0,App,Linha B,9856.66,0
1233,63,1.0,1214.76,82,4,7.3,2,Presencial,Linha D,6676.4,1
441,30,2.4,974.46,143,4,12.7,0,App,Linha A,6003.56,0
1156,47,1.5,1180.51,15,1,1.3,0,App,Linha A,5916.69,0
1405,85,1.4,3247.74,233,1,4.9,0,App,Linha B,27070.24,0
175,6,3.1,1060.36,101,4,10.9,0,App,Linha D,1999.3,0
1558,25,0.3,160.1,29,3,2.8,0,Telefone,Linha C,119.06,0
1295,93,0.3,637.25,101,2,5.1,0,WhatsApp,Linha A,1458.7,0
1432,36,2.3,629.88,8,1,6.2,2,App,Linha C,5435.72,0
1687,59,2.5,1224.51,109,5,13.4,1,App,Linha C,19235.64,0
124,7,0.6,2536.46,98,2,7.9,0,App,Linha B,809.48,0
139,65,1.4,1659.4,137,5,9.4,0,WhatsApp,Linha B,13597.72,0
880,12,1.6,1549.24,121,1,0.7,0,App,Linha C,2123.24,0
1076,89,2.5,1057.11,109,4,6.2,0,Presencial,Linha E,22938.39,0
733,35,2.6,1430.52,59,5,3.0,0,Telefone,Linha C,11669.95,1
625,9,1.7,1876.4,69,4,0.3,0,App,Linha E,2029.0,0
1300,88,2.8,330.9,82,5,3.4,1,Telefone,Linha D,5707.52,1
785,62,5.0,483.08,18,1,6.9,0,WhatsApp,Linha A,16200.61,0
1966,82,0.7,497.93,183,1,11.1,0,App,Linha B,2172.33,0
1367,66,1.0,823.14,119,1,12.6,1,Telefone,Linha E,5578.28,0
1281,29,2.5,1071.65,151,2,4.8,0,Telefone,Linha A,4718.9,0
183,92,0.8,1153.97,155,5,8.7,0,Presencial,Linha D,7488.7,0
618,58,0.9,1187.65,18,4,5.8,0,WhatsApp,Linha A,3622.55,1
1325,7,0.2,890.73,233,3,2.7,0,App,Linha B,119.6,1
691,47,2.2,921.44,75,4,12.7,0,WhatsApp,Linha B,7976.78,0
1748,12,3.5,1517.24,15,3,5.6,0,Presencial,Linha A,6167.53,0
241,73,5.3,1092.86,86,3,6.1,0,App,Linha E,36235.65,0
1255,56,2.3,871.88,155,3,4.1,0,Telefone,Linha B,8903.96,1
1351,94,2.1,1120.95,77,2,5.4,0,App,Linha A,15482.38,0
459,48,2.4,1143.09,42,4,6.2,0,App,Linha D,9440.57,0
682,21,5.3,1081.75,41,2,5.6,1,App,Linha C,9995.84,0
466,69,2.1,715.75,150,3,6.8,0,App,Linha C,6225.33,0
1188,54,2.7,962.85,239,5,13.4,0,Telefone,Linha D,12616.12,1
1192,63,2.6,1713.82,201,2,3.1,1,App,Linha B,23455.37,0
146,14,0.1,501.68,216,5,5.3,0,Telefone,Linha C,53.03,1
207,52,3.0,1300.24,69,3,5.9,0,App,Linha E,18373.66,0
1525,55,4.3,198.42,58,3,8.2,0,Telefone,Linha E,4741.95,0
1213,2,3.1,1540.35,165,1,7.4,0,Telefone,Linha B,589.11,0
1728,35,1.0,1749.16,80,3,4.4,0,WhatsApp,Linha E,6249.06,1
325,30,2.1,539.29,154,1,2.5,0,Telefone,Linha A,3333.61,1
658,58,0.3,758.2,158,2,3.7,0,WhatsApp,Linha E,867.28,0
1823,80,2.4,407.66,16,5,5.4,0,Presencial,Linha C,6524.15,0
715,58,1.9,1045.69,77,5,8.4,0,WhatsApp,Linha A,11402.74,0
1842,53,2.6,1683.2,8,2,8.6,0,Telefone,Linha E,24873.91,0
1895,86,1.2,222.33,105,4,3.8,0,Telefone,Linha C,1711.11,0
1600,59,4.8,668.78,39,4,5.7,0,Telefone,Linha C,11588.51,0
80,90,2.9,2721.32,201,2,9.3,0,Telefone,Linha C,48015.64,0
1894,54,0.6,1035.34,185,3,1.9,0,WhatsApp,Linha E,1991.41,1
1801,47,1.4,1286.27,233,1,5.7,0,WhatsApp,Linha A,8455.03,1
688,20,1.5,1087.19,189,3,9.5,0,App,Linha A,2337.98,1
167,59,4.6,605.32,118,1,2.4,0,WhatsApp,Linha C,14440.27,0
1631,73,1.6,561.99,73,4,3.1,0,Telefone,Linha E,4261.18,0
230,55,4.3,1596.04,206,4,5.1,0,WhatsApp,Linha D,28019.46,0
1936,75,3.7,926.03,167,5,9.8,3,Telefone,Linha E,27204.97,1
1764,76,1.4,648.16,173,2,5.4,0,Presencial,Linha B,5097.13,0
741,56,0.5,611.36,220,2,3.7,0,Telefone,Linha E,1645.39,0
101,60,0.7,196.3,186,1,6.3,1,App,Linha C,711.38,1
291,24,0.9,564.74,224,4,6.4,1,App,Linha B,905.15,1
445,19,0.8,739.15,77,2,2.4,0,App,Linha C,1151.02,0
879,5,0.3,1657.68,178,5,9.6,0,App,Linha D,167.04,0
1456,12,4.2,742.18,101,3,1.0,0,App,Linha C,2263.71,0
1078,89,0.6,725.63,120,3,6.7,0,App,Linha E,2728.09,0
740,10,2.2,430.8,134,1,10.5,0,App,Linha A,914.21,1
392,13,2.9,438.02,149,2,8.3,0,App,Linha A,1360.15,0
87,48,2.9,1042.83,44,3,0.9,0,Telefone,Linha E,8703.04,0
1999,50,4.1,627.6,64,1,5.9,1,App,Linha D,9786.94,0
667,92,2.1,275.46,19,5,8.9,2,WhatsApp,Linha D,4374.94,0
1276,51,1.8,916.42,173,5,0.8,0,Presencial,Linha B,5619.83,0
1524,90,4.7,690.74,222,1,3.1,0,Telefone,Linha E,30104.04,0
1881,41,2.0,590.47,112,4,4.7,0,Telefone,Linha D,5241.93,0
476,29,2.2,2599.46,106,3,2.1,0,App,Linha A,17468.2,0
1695,63,3.5,484.63,74,3,4.0,0,WhatsApp,Linha B,6425.01,0
1296,8,3.7,257.09,223,3,12.1,0,WhatsApp,Linha D,535.39,1
45,51,2.0,227.4,214,3,5.6,1,App,Linha E,1480.9,1
789,92,2.0,1201.41,194,1,1.5,0,App,Linha A,12963.23,0
1003,26,1.4,1502.22,236,5,14.1,0,Telefone,Linha B,5387.44,1
1138,76,0.2,1703.22,20,5,3.6,0,WhatsApp,Linha D,1642.81,0
25,76,0.5,1020.86,219,3,12.6,0,App,Linha A,3655.29,1
1236,28,3.2,721.62,31,5,6.1,0,WhatsApp,Linha A,5616.13,0
1645,79,0.4,432.93,6,2,10.7,0,Presencial,Linha C,821.29,1
833,4,3.8,1057.01,186,2,6.1,0,App,Linha E,1339.17,0
1194,55,5.9,2441.57,181,3,3.7,0,WhatsApp,Linha A,71034.08,0
592,16,5.5,472.09,113,5,2.1,0,Presencial,Linha B,3356.28,0
1971,37,1.9,883.18,201,2,5.8,1,WhatsApp,Linha C,4390.8,0
974,9,4.0,1107.91,101,3,4.0,0,App,Linha D,4141.77,0
1621,35,1.3,238.97,230,3,5.3,1,WhatsApp,Linha D,1158.77,0
1545,18,5.8,2936.31,208,5,4.2,0,App,Linha D,27343.7,0
1057,64,1.7,935.77,97,1,0.8,0,App,Linha B,6477.45,0
1636,67,3.3,1336.97,85,1,2.3,0,App,Linha A,29801.83,0
110,88,6.0,151.94,100,1,3.9,0,Telefone,Linha B,7022.2,0
1161,13,3.7,227.77,202,2,6.8,0,Presencial,Linha C,782.16,0
1355,86,6.9,1257.94,176,4,2.7,0,App,Linha C,44072.21,0
223,53,2.6,1568.63,125,4,10.4,1,Telefone,Linha B,22903.99,0
1053,76,0.9,1516.8,131,5,3.7,0,Telefone,Linha A,8592.03,1
1312,78,3.4,1446.1,205,4,6.8,0,Telefone,Linha E,29011.46,0
723,63,3.3,1896.94,230,1,5.1,1,App,Linha A,30223.43,1
56,90,4.6,1763.01,32,4,3.9,1,WhatsApp,Linha A,48935.81,0
1974,3,1.7,1355.49,162,4,3.3,1,App,Linha D,467.99,0
254,20,2.1,835.35,92,3,3.8,0,WhatsApp,Linha B,2615.68,1
1901,32,1.5,458.09,6,3,7.7,3,WhatsApp,Linha D,1389.74,0
1073,26,1.0,543.19,96,2,6.6,0,Presencial,Linha D,1144.72,0
1620,61,0.8,2182.49,68,3,1.6,0,App,Linha C,8678.43,0
1493,17,4.3,3686.93,12,4,0.7,0,WhatsApp,Linha A,27775.21,0
643,70,4.7,1014.57,216,3,3.4,1,App,Linha E,21686.65,0
546,7,4.2,1324.32,143,1,5.2,1,App,Linha E,2828.62,0
478,92,3.4,342.15,122,2,5.3,1,WhatsApp,Linha E,10737.6,0
950,41,1.3,1419.36,221,4,6.2,1,WhatsApp,Linha E,5513.41,0
1572,25,0.1,373.8,53,2,11.1,0,Telefone,Linha A,100.9,0
844,53,1.1,1287.19,105,3,3.7,0,Telefone,Linha D,5606.11,1
64,8,0.2,1141.76,21,5,7.8,0,App,Linha B,128.55,0
414,58,3.8,2624.47,105,1,5.0,0,WhatsApp,Linha A,54286.25,0
385,39,3.6,945.06,83,4,1.3,0,Telefone,Linha E,12676.16,0
1964,51,3.4,1412.13,143,2,11.9,0,App,Linha D,24146.91,1
975,3,0.9,1246.04,15,2,6.9,1,WhatsApp,Linha C,216.06,1
1347,20,1.7,1369.8,36,2,1.0,0,WhatsApp,Linha B,4183.24,0
885,78,0.4,1274.51,29,3,5.3,0,WhatsApp,Linha B,2929.11,1
452,23,6.6,289.41,157,3,5.4,0,App,Linha C,4168.01,1
1768,33,5.7,657.63,157,4,4.9,0,App,Linha D,10859.39,0
1259,30,0.2,811.05,149,4,2.6,1,WhatsApp,Linha C,505.29,1
657,92,3.3,1256.67,98,1,4.1,0,App,Linha C,31242.17,0
1582,12,3.5,602.62,147,2,4.6,0,App,Linha B,1575.93,0
1487,26,2.2,846.36,16,2,4.0,0,App,Linha D,4447.37,0
1449,25,2.3,1198.79,81,4,5.0,1,Telefone,Linha D,4986.48,0
1486,26,2.2,1320.13,155,5,7.2,0,App,Linha C,5183.3,1
1328,33,1.9,811.14,71,3,6.8,2,App,Linha D,4887.85,0
370,46,1.2,1485.92,139,4,1.6,0,Telefone,Linha D,6688.46,1
690,18,0.3,1679.03,183,5,13.2,1,App,Linha E,713.45,1
220,1,1.9,1847.09,234,1,4.8,0,WhatsApp,Linha E,223.64,1
1868,72,4.2,379.6,133,2,6.7,1,App,Linha B,8133.85,1
1321,95,1.2,1494.02,166,5,3.3,0,Telefone,Linha B,11465.16,0
22,60,0.2,467.36,147,2,0.7,0,App,Linha D,373.44,1
761,55,5.2,2354.26,143,1,11.5,0,WhatsApp,Linha D,66585.04,0
870,5,0.3,619.39,62,5,5.6,0,WhatsApp,Linha E,74.56,0
421,49,0.1,623.02,199,3,9.6,1,App,Linha D,191.42,0
1350,38,1.0,1541.46,155,3,3.5,2,Telefone,Linha D,4623.38,1
200,79,2.0,508.81,22,3,1.3,2,App,Linha E,6579.06,1
451,62,2.5,2195.59,64,4,1.4,0,WhatsApp,Linha D,35376.67,0
1162,62,2.6,204.51,168,2,5.3,0,App,Linha B,2775.21,0
1020,6,6.0,1352.4,104,2,12.5,0,App,Linha B,4505.15,0
1561,65,3.2,579.77,82,1,3.5,0,App,Linha A,11502.45,0
912,78,4.9,595.98,39,4,0.3,1,WhatsApp,Linha E,20028.59,0
697,54,2.8,440.12,210,1,10.2,0,App,Linha C,4883.33,0
1742,68,0.9,1601.73,209,5,2.8,0,Presencial,Linha B,9852.3,1
1671,93,0.9,880.15,176,2,2.8,1,Telefone,Linha A,4477.82,1
812,75,0.3,546.59,238,2,9.2,0,Telefone,Linha B,954.07,1
1653,38,0.9,1049.32,68,4,11.5,0,Telefone,Linha B,3305.38,1
1237,85,4.2,554.5,198,1,4.3,0,WhatsApp,Linha C,13122.74,0
1962,55,1.1,1018.12,42,5,3.9,0,Telefone,Linha C,6639.61,1
911,87,5.4,1178.48,65,2,4.6,0,App,Linha B,52628.41,0
1522,43,3.0,838.69,111,4,2.7,0,App,Linha A,7849.21,0
1050,75,5.0,1282.65,157,3,3.2,0,WhatsApp,Linha B,47712.34,0
506,24,1.9,641.2,25,5,6.0,0,App,Linha C,1734.67,0
1807,57,3.5,1447.7,194,4,7.2,1,Telefone,Linha A,29999.27,1
1256,83,3.1,489.0,113,2,2.2,0,WhatsApp,Linha E,10673.51,0
406,92,1.5,1194.94,19,2,1.2,0,Telefone,Linha E,16569.56,0
1754,90,3.7,453.16,75,1,9.3,1,WhatsApp,Linha A,10820.53,0
1593,11,3.3,1683.84,131,3,2.5,2,Telefone,Linha D,4684.66,1
318,17,2.4,473.91,231,2,10.1,0,WhatsApp,Linha A,1910.24,0
184,89,0.8,830.13,31,4,5.4,0,Telefone,Linha C,3613.89,0
1121,10,1.7,1483.08,113,3,4.3,0,App,Linha D,2282.33,0
1850,94,2.6,762.96,167,3,6.6,0,Presencial,Linha C,17148.71,0
1718,39,2.0,324.36,32,2,1.7,0,App,Linha D,2418.62,0
610,35,0.4,428.47,146,2,5.0,1,Telefone,Linha B,544.46,1
627,27,3.9,788.06,131,2,2.3,0,Telefone,Linha C,5527.84,1
486,90,2.7,2208.6,150,1,9.9,1,Presencial,Linha E,33546.63,1
279,69,3.7,1309.98,216,2,6.4,1,App,Linha E,30420.24,0
631,37,2.5,708.96,227,2,8.5,0,Presencial,Linha E,5201.87,1
21,64,1.2,1332.8,116,5,4.5,0,Telefone,Linha D,7663.33,0
171,42,3.7,2969.24,56,3,10.1,0,App,Linha D,45680.46,0
1426,55,1.0,694.95,220,5,5.5,0,Telefone,Linha D,3705.55,0
902,8,2.8,2325.8,193,1,6.2,0,WhatsApp,Linha B,5533.04,1
1040,38,1.8,2950.01,144,2,8.7,2,App,Linha B,15744.73,0
1591,46,0.7,2059.47,143,4,10.3,0,WhatsApp,Linha D,4390.4,1
177,28,0.8,501.88,197,1,2.1,0,WhatsApp,Linha B,954.8,1
328,54,2.2,466.25,14,4,2.9,0,Presencial,Linha E,5526.38,0
707,76,1.7,1349.4,15,3,4.6,0,App,Linha A,18345.05,0
1223,54,2.4,761.15,24,3,1.3,1,Telefone,Linha B,5911.02,0
471,26,2.2,437.03,64,5,6.7,2,App,Linha D,2091.75,0
1837,71,3.0,1223.83,209,5,3.7,0,Presencial,Linha B,16330.95,0
1719,66,2.1,1095.31,137,1,10.3,0,Telefone,Linha E,13405.41,1
267,23,5.5,1085.99,103,4,8.1,0,App,Linha D,9131.4,0
616,9,2.1,509.89,50,4,4.7,0,Telefone,Linha D,689.51,0
1757,14,1.5,961.78,132,1,4.4,0,App,Linha B,1971.91,1
1517,24,1.4,1256.76,215,3,1.5,0,App,Linha D,2996.16,0
131,23,2.7,2175.82,14,2,5.2,0,WhatsApp,Linha D,11611.67,0
866,61,1.5,748.85,10,5,12.0,1,Telefone,Linha C,4629.54,0
1928,8,1.0,1062.35,118,5,8.0,1,WhatsApp,Linha A,854.64,1
1363,81,3.0,1609.13,199,1,9.8,1,App,Linha C,35143.48,1
1846,20,0.2,1644.21,179,5,10.6,0,Presencial,Linha B,637.8,1
490,39,3.0,851.76,160,1,5.3,1,Presencial,Linha A,8310.87,0
1597,71,2.3,1217.52,109,1,3.4,0,App,Linha E,17323.47,1
607,14,2.3,511.87,202,4,5.4,0,Telefone,Linha C,1384.08,0
1218,91,0.8,640.17,47,4,7.2,0,WhatsApp,Linha D,2765.4,0
1165,60,1.0,448.63,142,1,2.7,0,App,Linha A,1663.61,1
417,22,2.3,2622.76,173,4,7.3,0,App,Linha A,9986.31,0
1685,92,3.2,971.26,152,4,1.4,0,Telefone,Linha B,21564.09,0
1501,7,2.0,1601.96,30,4,4.4,1,WhatsApp,Linha A,1911.72,0
1739,37,1.2,1882.69,42,1,3.7,0,App,Linha D,5218.97,0
153,77,1.3,605.91,163,3,5.1,0,Presencial,Linha D,6467.71,1
890,26,1.5,401.47,151,5,7.5,2,Telefone,Linha D,915.72,1
850,55,1.2,537.64,15,3,6.5,0,App,Linha A,3326.97,0
280,37,2.6,1029.75,60,2,7.7,1,App,Linha C,10680.83,0
1035,17,2.4,1612.78,190,1,4.1,0,Presencial,Linha A,4091.18,0
270,42,2.1,571.43,209,3,5.7,0,Telefone,Linha A,4119.34,0
97,53,2.6,1004.24,68,5,9.5,1,Telefone,Linha E,8244.73,0
211,3,4.5,665.91,74,3,10.6,0,Presencial,Linha C,668.39,0
1533,13,0.1,676.99,79,2,4.0,0,App,Linha A,80.9,0
1777,46,1.6,2414.59,76,2,7.1,0,Telefone,Linha A,13467.4,0
570,89,0.8,373.33,214,3,6.7,0,Telefone,Linha D,2629.75,1
1937,84,1.6,702.99,95,1,14.4,1,WhatsApp,Linha D,7601.6,0
1838,3,3.4,1206.9,172,3,3.6,0,WhatsApp,Linha B,1050.97,0
1800,21,2.2,1151.83,161,5,5.0,0,WhatsApp,Linha D,4508.79,1
872,92,3.7,668.68,146,1,8.8,1,Telefone,Linha E,18819.93,0
1573,48,3.3,1145.4,1,2,5.1,0,Telefone,Linha D,13743.76,0
1567,30,8.5,868.39,138,5,7.9,1,WhatsApp,Linha C,20404.6,0
533,95,2.7,505.06,102,3,12.7,0,Telefone,Linha E,12637.43,0
1934,62,2.2,542.4,90,5,5.7,0,WhatsApp,Linha E,4568.1,0
1357,81,6.6,1036.66,39,5,1.0,0,App,Linha A,49427.49,0
1100,67,1.2,433.63,56,4,7.6,0,Telefone,Linha B,3649.61,0
713,90,6.7,456.96,31,3,2.5,0,Telefone,Linha A,28683.02,0
78,63,1.4,1338.28,71,1,4.4,1,App,Linha E,10737.48,1
264,57,3.4,843.63,233,1,4.0,0,App,Linha E,16806.45,0
1994,4,4.2,413.45,160,4,8.7,0,WhatsApp,Linha A,643.72,1
150,15,3.0,496.64,64,3,7.9,0,WhatsApp,Linha E,2154.13,1
1998,24,0.8,1073.32,167,2,4.8,0,WhatsApp,Linha D,1564.26,1
1539,55,2.4,494.77,176,3,4.0,1,Presencial,Linha A,6483.84,0
1941,58,1.7,2257.28,127,3,10.3,0,App,Linha B,17128.16,0
470,76,1.3,846.19,61,3,5.2,0,Telefone,Linha C,5818.68,0
565,37,1.2,976.68,96,3,4.5,0,Telefone,Linha B,3393.5,1
1799,93,1.4,1493.89,54,5,8.9,0,WhatsApp,Linha D,12077.94,0
462,16,0.5,1412.11,84,1,6.2,2,App,Linha A,1031.88,0
1278,4,0.9,590.72,147,2,0.3,1,WhatsApp,Linha A,143.64,0
897,61,0.3,605.68,195,2,4.3,0,WhatsApp,Linha C,1081.16,1
1796,81,6.2,977.37,32,2,2.5,0,WhatsApp,Linha C,49168.8,0
1870,18,1.9,2669.83,196,1,7.7,0,Telefone,Linha C,9831.78,0
1394,31,0.9,602.46,150,3,6.8,1,Presencial,Linha E,1179.29,1
1346,12,8.1,349.63,79,1,4.5,0,WhatsApp,Linha E,2268.84,0
696,1,1.9,812.91,25,2,2.6,1,WhatsApp,Linha E,108.64,1
1176,29,1.3,819.97,183,4,11.6,0,App,Linha C,3172.53,1
1753,22,0.8,556.4,117,2,4.0,0,Presencial,Linha B,593.08,1
929,39,1.4,730.39,187,5,9.2,0,Presencial,Linha D,3466.38,0
1327,7,3.3,1020.34,39,4,11.2,0,Telefone,Linha E,1938.28,0
1215,82,2.3,957.16,129,1,3.5,0,Telefone,Linha D,16419.51,0
587,28,0.9,953.78,5,3,6.5,0,Telefone,Linha C,2328.75,0
1373,58,2.5,1646.16,190,1,6.5,0,WhatsApp,Linha D,16961.79,1
244,80,0.9,752.74,73,2,6.9,0,WhatsApp,Linha D,5488.83,0
1818,25,3.0,2568.85,165,4,9.2,0,App,Linha B,18496.64,0
1112,29,0.4,1832.68,223,5,1.8,0,Presencial,Linha C,1670.2,0
752,89,0.4,218.82,114,2,3.0,0,WhatsApp,Linha E,736.54,1
1680,6,1.9,214.26,39,5,7.0,0,WhatsApp,Linha E,223.52,0
1910,66,1.4,1566.27,15,5,15.7,0,Presencial,Linha E,12245.04,0
1803,59,0.5,613.34,23,1,12.8,1,WhatsApp,Linha E,1472.18,1
1443,17,0.8,980.31,113,2,5.1,0,Telefone,Linha B,972.27,0
1313,32,2.7,1416.32,38,2,3.5,1,WhatsApp,Linha E,9007.8,0
649,91,0.5,1200.7,68,2,4.5,0,Presencial,Linha C,4656.47,0
1191,1,1.1,1186.89,159,3,1.7,0,App,Linha B,140.8,1
596,52,0.6,961.07,79,5,10.1,0,Presencial,Linha B,2096.06,0
314,20,0.9,123.03,177,4,3.7,0,App,Linha E,132.94,0
934,44,9.2,567.2,120,3,9.1,1,App,Linha C,22595.58,0
156,52,0.8,658.0,167,5,13.0,1,Presencial,Linha A,2180.64,1
1381,42,0.5,1922.53,189,4,5.5,1,Telefone,Linha C,4313.4,1
1406,92,0.9,341.05,137,1,0.9,0,Presencial,Linha C,2965.66,1
1304,54,3.4,1364.5,67,1,7.4,1,App,Linha A,20328.98,1
1151,74,1.1,1098.22,45,5,11.4,1,Telefone,Linha E,5892.17,0
1000,44,1.6,1214.07,77,5,15.3,0,App,Linha B,5060.6,0
1732,71,2.0,1249.26,116,5,4.1,0,App,Linha E,14749.42,0
1802,80,0.3,796.41,167,1,10.0,0,Telefone,Linha C,1354.65,0
1047,60,1.9,1317.8,6,4,5.7,0,App,Linha B,12098.42,0
1641,25,1.3,799.63,33,4,1.0,1,WhatsApp,Linha E,1973.99,0
1690,13,0.2,1051.77,67,1,5.2,2,WhatsApp,Linha B,223.13,0
1307,92,2.0,158.63,137,1,3.2,2,App,Linha A,2145.16,1
1496,85,4.0,2076.16,179,1,2.3,0,Presencial,Linha E,52979.59,0
1763,52,2.1,1259.7,222,4,13.3,1,WhatsApp,Linha E,11827.76,0
1392,27,4.0,454.58,86,2,9.8,0,Presencial,Linha B,4453.64,0
26,58,5.3,347.37,219,2,1.9,0,Telefone,Linha A,7017.75,1
197,51,2.3,245.3,28,3,11.9,1,WhatsApp,Linha D,2752.7,1
1089,15,0.4,985.44,126,2,7.7,0,App,Linha B,640.39,0
16,2,4.2,951.05,137,5,3.5,0,WhatsApp,Linha C,701.29,0
1491,16,2.4,1591.41,150,5,8.9,1,Telefone,Linha A,5426.35,1
1322,55,1.0,1213.57,49,1,5.3,0,Presencial,Linha C,4172.24,0
884,49,3.5,1028.11,149,1,5.9,0,Presencial,Linha A,10706.36,1
622,13,1.1,1188.87,76,2,5.5,0,App,Linha E,1405.73,1
1361,87,2.2,1145.85,144,3,4.1,0,Telefone,Linha A,13032.96,0
1845,3,1.1,2529.17,224,1,13.4,0,Presencial,Linha D,539.94,0
1051,9,1.4,356.87,67,5,5.1,0,App,Linha D,461.94,0
1613,5,2.0,1144.71,73,1,3.7,1,WhatsApp,Linha E,1088.0,0
1068,85,1.5,249.35,44,3,12.7,1,WhatsApp,Linha C,1900.41,1
498,95,1.6,1187.48,108,1,2.7,0,Telefone,Linha B,14844.35,0
793,26,3.9,957.71,222,1,2.4,0,WhatsApp,Linha D,10058.17,0
965,4,2.6,559.88,145,5,2.5,1,WhatsApp,Linha E,532.88,1
516,35,5.9,63.86,223,2,5.5,1,App,Linha C,823.54,0
1956,19,2.1,1510.56,69,4,4.9,0,WhatsApp,Linha E,6101.31,0
1586,43,0.4,860.93,95,1,5.5,0,WhatsApp,Linha D,1126.74,0
1479,72,2.1,745.33,90,5,4.2,0,Telefone,Linha A,7821.73,0
1412,65,5.8,1205.98,2,4,7.6,0,Telefone,Linha D,40111.98,0
1096,39,1.1,1375.18,134,4,2.2,0,Telefone,Linha C,3983.74,0
543,74,5.3,958.33,14,3,6.8,0,Presencial,Linha C,40600.17,0
457,1,1.6,1461.68,153,1,9.9,0,Presencial,Linha C,199.81,1
634,8,3.1,2649.75,132,3,6.3,0,App,Linha D,5425.18,0
432,68,1.5,2323.14,133,4,1.7,0,WhatsApp,Linha D,16299.74,1
628,66,1.9,2080.36,83,5,2.0,1,App,Linha D,19558.32,0
1678,77,3.0,731.03,133,2,3.9,0,App,Linha A,16616.17,0
729,92,0.6,882.94,55,5,4.3,0,WhatsApp,Linha A,4335.43,0
1289,87,0.8,647.14,29,4,6.3,0,WhatsApp,Linha C,3939.53,0
210,2,1.2,932.8,123,2,12.6,0,App,Linha C,227.52,0
317,67,1.6,634.43,175,5,6.0,0,Telefone,Linha E,5188.09,0
1921,9,1.8,1804.56,158,5,0.6,0,Presencial,Linha C,3009.42,1
514,12,2.5,1630.78,96,3,12.3,0,Telefone,Linha A,4570.19,1
1338,1,2.9,1221.22,115,4,7.8,0,Telefone,Linha E,283.96,1
1559,84,2.8,1921.54,12,1,3.5,0,App,Linha B,44426.47,0
830,81,4.3,908.33,4,4,2.0,0,WhatsApp,Linha C,28975.76,0
320,48,5.2,1842.46,233,1,15.0,2,App,Linha D,37431.79,1
1032,65,1.7,891.91,110,1,2.9,0,Telefone,Linha C,9165.66,0
1418,21,2.2,1293.71,104,2,9.9,0,Telefone,Linha D,5595.39,0
142,3,2.3,448.01,107,4,9.9,0,WhatsApp,Linha A,182.47,1
1111,36,2.5,1511.03,218,3,2.5,0,Telefone,Linha A,12738.68,0
1889,76,0.3,1005.92,84,4,8.5,0,Telefone,Linha D,1440.83,1
1503,48,2.1,123.51,53,4,2.4,0,Telefone,Linha C,1282.19,0
1528,15,0.5,1549.37,132,3,2.4,0,App,Linha B,1052.87,0
754,59,1.8,1203.23,177,2,8.6,0,WhatsApp,Linha A,9993.95,1
1002,70,3.2,1181.84,191,1,7.8,0,App,Linha D,19894.43,1
1240,81,4.6,1577.02,217,1,9.7,0,WhatsApp,Linha B,48270.85,0
581,12,4.0,346.91,189,1,7.3,0,App,Linha A,1325.39,0
563,23,2.2,1058.2,104,3,9.3,1,App,Linha C,4967.75,1
399,65,1.1,2746.2,193,3,4.7,1,Telefone,Linha D,11491.0,1
1950,12,0.7,2771.89,53,3,2.6,1,Telefone,Linha C,2472.94,0
669,63,1.5,852.64,57,1,3.1,1,WhatsApp,Linha D,7694.53,0
1515,14,2.1,816.81,200,3,2.2,0,WhatsApp,Linha C,1616.65,0
253,19,4.5,1439.55,7,3,6.0,0,Telefone,Linha D,10316.41,0
908,14,4.4,464.76,147,3,7.5,0,WhatsApp,Linha D,2826.58,1
469,67,4.7,668.82,73,4,2.4,0,App,Linha D,16801.42,0
915,26,3.2,1833.01,26,2,16.1,0,WhatsApp,Linha E,13196.63,0
358,63,2.2,601.9,133,2,9.3,1,App,Linha D,9019.53,1
1279,1,0.8,1137.68,102,2,7.6,1,WhatsApp,Linha E,73.27,0
1301,87,2.0,1122.31,128,4,9.1,0,WhatsApp,Linha D,13242.35,1
1203,52,4.5,1039.85,158,5,5.1,1,WhatsApp,Linha B,17962.57,0
1306,51,1.5,2034.37,133,2,0.8,0,Telefone,Linha B,12305.62,0
1415,36,2.7,1089.54,32,4,1.6,1,WhatsApp,Linha D,8602.27,1
509,92,1.9,1621.56,22,2,2.2,0,App,Linha E,28995.31,0
750,26,0.4,812.42,203,2,3.5,0,WhatsApp,Linha D,776.26,0
1608,90,0.4,613.0,143,1,7.8,0,App,Linha E,1926.04,0
130,48,2.0,1982.56,47,2,1.3,0,Telefone,Linha B,19171.59,0
145,90,5.1,1125.35,185,2,7.3,0,WhatsApp,Linha A,34671.89,0
961,22,1.3,414.56,168,1,4.1,0,Telefone,Linha B,924.76,0
848,75,2.6,863.16,239,2,0.6,1,App,Linha B,13978.98,0
1670,62,0.8,621.23,226,1,6.3,0,Telefone,Linha B,2536.5,1
716,60,2.3,487.72,148,1,11.1,0,App,Linha C,4923.6,0
906,56,0.5,435.26,198,3,7.5,0,App,Linha C,976.94,0
1792,22,0.6,1146.49,36,4,11.4,1,WhatsApp,Linha D,1333.15,0
1097,51,1.4,863.55,65,4,5.1,1,WhatsApp,Linha E,5170.0,0
1933,84,2.0,707.46,30,5,7.2,0,Telefone,Linha E,7904.98,0
236,69,1.0,1331.22,71,3,4.3,0,Presencial,Linha B,6637.72,1
1062,72,1.7,675.64,33,1,7.3,1,App,Linha D,7538.23,0
